Workbook

Sheet EXPIRING ENTERPRISE SOFTWARE
B1: EXPIRATION TIMELINE
B2: <=270 Days | C2: <=180 Days | D2: <=120 Days | E2: <=90 Days | F2: <= 60 Days | G2: <= 30 Days | H2: Expired | J2: Broadcom SiteID: 15750165
A3: SCARS OPE SOFTWARE | B3: =IF(SUM('SCARS OPE'!$J$7:'SCARS OPE'!$J$93)=0,"",SUM('SCARS OPE'!$J$7:'SCARS OPE'!$J$93)/'SCARS OPE'!$S$2) | C3: =IF(SUM('SCARS OPE'!$K$7:'SCARS OPE'!$K$93)=0,"",SUM('SCARS OPE'!$K$7:'SCARS OPE'!$K$93)/'SCARS OPE'!$S$2) -> 1.5 | D3: =IF(SUM('SCARS OPE'!$L$7:'SCARS OPE'!$L$93)=0,"",SUM('SCARS OPE'!$L$7:'SCARS OPE'!$L$93)/'SCARS OPE'!$S$2) | E3: =IF(SUM('SCARS OPE'!$M$7:'SCARS OPE'!$M$93)=0,"",SUM('SCARS OPE'!$M$7:'SCARS OPE'!$M$93)/'SCARS OPE'!$S$2) | F3: =IF(SUM('SCARS OPE'!$N$7:'SCARS OPE'!$N$93)=0,"",SUM('SCARS OPE'!$N$7:'SCARS OPE'!$N$93)/'SCARS OPE'!$S$2) | G3: =IF(SUM('SCARS OPE'!$O$7:'SCARS OPE'!$O$93)=0,"",SUM('SCARS OPE'!$O$7:'SCARS OPE'!$O$93)/'SCARS OPE'!$S$2) -> 3.75 | H3: =IF(SUM('SCARS OPE'!$P$7:'SCARS OPE'!$P$93)=0,"",SUM('SCARS OPE'!$P$7:'SCARS OPE'!$P$93)/'SCARS OPE'!$S$2) -> 0.75 | J3: VMware Contract # 3108150343
A5: JSE OPE SOFTWARE | B5: =IF(SUM('JSE OPE'!$J$7:'JSE OPE'!$J$81)=0,"",SUM('JSE OPE'!$J$7:'JSE OPE'!$J$81)/'JSE OPE'!$S$2) -> 1 | C5: =IF(SUM('JSE OPE'!$K$7:'JSE OPE'!$K$81)=0,"",SUM('JSE OPE'!$K$7:'JSE OPE'!$K$81)/'JSE OPE'!$S$2) -> 0.33333333 | D5: =IF(SUM('JSE OPE'!$L$7:'JSE OPE'!$L$81)=0,"",SUM('JSE OPE'!$L$7:'JSE OPE'!$L$81)/'JSE OPE'!$S$2) | E5: =IF(SUM('JSE OPE'!$M$7:'JSE OPE'!$M$81)=0,"",SUM('JSE OPE'!$M$7:'JSE OPE'!$M$81)/'JSE OPE'!$S$2) | F5: =IF(SUM('JSE OPE'!$N$7:'JSE OPE'!$N$81)=0,"",SUM('JSE OPE'!$N$7:'JSE OPE'!$N$81)/'JSE OPE'!$S$2) | G5: =IF(SUM('JSE OPE'!$O$7:'JSE OPE'!$O$81)=0,"",SUM('JSE OPE'!$O$7:'JSE OPE'!$O$81)/'JSE OPE'!$S$2) -> 2.3333333 | H5: =IF(SUM('JSE OPE'!$P$7:'JSE OPE'!$P$81)=0,"",SUM('JSE OPE'!$P$7:'JSE OPE'!$P$81)/'JSE OPE'!$S$2) -> 0.66666667 | J5: VMware Account# 900295543
A7: DSO PHASE II OPE SOFTWARE | B7: =IF(SUM('DSO PHII OPE'!$J$7:'DSO PHII OPE'!$J$81)=0,"",SUM('DSO PHII OPE'!$J$7:'DSO PHII OPE'!$J$81)/'DSO PHII OPE'!$S$2) -> 6 | C7: =IF(SUM('DSO PHII OPE'!$K$7:'DSO PHII OPE'!$K$81)=0,"",SUM('DSO PHII OPE'!$K$7:'DSO PHII OPE'!$K$81)/'DSO PHII OPE'!$S$2) -> 3 | D7: =IF(SUM('DSO PHII OPE'!$L$7:'DSO PHII OPE'!$L$81)=0,"",SUM('DSO PHII OPE'!$L$7:'DSO PHII OPE'!$L$81)/'DSO PHII OPE'!$S$2) | E7: =IF(SUM('DSO PHII OPE'!$M$7:'DSO PHII OPE'!$M$81)=0,"",SUM('DSO PHII OPE'!$M$7:'DSO PHII OPE'!$M$81)/'DSO PHII OPE'!$S$2) | F7: =IF(SUM('DSO PHII OPE'!$N$7:'DSO PHII OPE'!$N$81)=0,"",SUM('DSO PHII OPE'!$N$7:'DSO PHII OPE'!$N$81)/'DSO PHII OPE'!$S$2) | G7: =IF(SUM('DSO PHII OPE'!$O$7:'DSO PHII OPE'!$O$81)=0,"",SUM('DSO PHII OPE'!$O$7:'DSO PHII OPE'!$O$81)/'DSO PHII OPE'!$S$2) -> 1 | H7: =IF(SUM('DSO PHII OPE'!$P$7:'DSO PHII OPE'!$P$81)=0,"",SUM('DSO PHII OPE'!$P$7:'DSO PHII OPE'!$P$81)/'DSO PHII OPE'!$S$2) -> 1
A9: ARL SCARS LAB OPE SOFTWARE | B9: =IF(SUM('ARL SIL OPE'!$J$7:'ARL SIL OPE'!$J$81)=0,"",SUM('ARL SIL OPE'!$J$7:'ARL SIL OPE'!$J$81)/'ARL SIL OPE'!$S$2) | C9: =IF(SUM('ARL SIL OPE'!$K$7:'ARL SIL OPE'!$K$81)=0,"",SUM('ARL SIL OPE'!$K$7:'ARL SIL OPE'!$K$81)/'ARL SIL OPE'!$S$2) -> 2 | D9: =IF(SUM('ARL SIL OPE'!$L$7:'ARL SIL OPE'!$L$81)=0,"",SUM('ARL SIL OPE'!$L$7:'ARL SIL OPE'!$L$81)/'ARL SIL OPE'!$S$2) | E9: =IF(SUM('ARL SIL OPE'!$M$7:'ARL SIL OPE'!$M$81)=0,"",SUM('ARL SIL OPE'!$M$7:'ARL SIL OPE'!$M$81)/'ARL SIL OPE'!$S$2) -> 1 | F9: =IF(SUM('ARL SIL OPE'!$N$7:'ARL SIL OPE'!$N$81)=0,"",SUM('ARL SIL OPE'!$N$7:'ARL SIL OPE'!$N$81)/'ARL SIL OPE'!$S$2) | G9: =IF(SUM('ARL SIL OPE'!$O$7:'ARL SIL OPE'!$O$81)=0,"",SUM('ARL SIL OPE'!$O$7:'ARL SIL OPE'!$O$81)/'ARL SIL OPE'!$S$2) -> 4 | H9: =IF(SUM('ARL SIL OPE'!$P$7:'ARL SIL OPE'!$P$81)=0,"",SUM('ARL SIL OPE'!$P$7:'ARL SIL OPE'!$P$81)/'ARL SIL OPE'!$S$2) -> 1
A11: SCARS uSOC SOFTWARE | B11: =IF(SUM('SCARS uSOC'!$J$7:'SCARS uSOC'!$J$84)=0,"",SUM('SCARS uSOC'!$J$7:'SCARS uSOC'!$J$84)/'SCARS uSOC'!$S$2) -> 1 | C11: =IF(SUM('SCARS uSOC'!$K$7:'SCARS uSOC'!$K$84)=0,"",SUM('SCARS uSOC'!$K$7:$K$84)/'SCARS uSOC'!$S$2) -> 2 | D11: =IF(SUM('SCARS uSOC'!$L$7:'SCARS uSOC'!$L$84)=0,"",SUM('SCARS uSOC'!$L$7:'SCARS uSOC'!$L$84)/'SCARS uSOC'!$S$2) -> 1 | E11: =IF(SUM('SCARS uSOC'!$M$7:'SCARS uSOC'!$M$84)=0,"",SUM('SCARS uSOC'!$M$7:'SCARS uSOC'!$M$84)/'SCARS uSOC'!$S$2) | F11: =IF(SUM('SCARS uSOC'!$N$7:'SCARS uSOC'!$N$84)=0,"",SUM('SCARS uSOC'!$N$7:'SCARS uSOC'!$N$84)/'SCARS uSOC'!$S$2) | G11: =IF(SUM('SCARS uSOC'!$O$7:'SCARS uSOC'!$O$84)=0,"",SUM('SCARS uSOC'!$O$7:'SCARS uSOC'!$O$84)/'SCARS uSOC'!$S$2) -> 7 | H11: =IF(SUM('SCARS uSOC'!$P$7:'SCARS uSOC'!$P$84)=0,"",SUM('SCARS uSOC'!$P$7:'SCARS uSOC'!$P$84)/'SCARS uSOC'!$S$2) -> 2
A13: SCARS sSOC SOFTWARE | B13: =IF(SUM('SCARS sSOC'!$J$7:'SCARS sSOC'!$J$85)=0,"",SUM('SCARS sSOC'!$J$7:'SCARS sSOC'!$J$85)/'SCARS sSOC'!$S$2) -> 1 | C13: =IF(SUM('SCARS sSOC'!$K$7:'SCARS sSOC'!$K$85)=0,"",SUM('SCARS sSOC'!$K$7:'SCARS sSOC'!$K$85)/'SCARS sSOC'!$S$2) -> 2 | D13: =IF(SUM('SCARS sSOC'!$L$7:'SCARS sSOC'!$L$85)=0,"",SUM('SCARS sSOC'!$L$7:'SCARS sSOC'!$L$85)/'SCARS sSOC'!$S$2) | E13: =IF(SUM('SCARS sSOC'!$M$7:'SCARS sSOC'!$M$85)=0,"",SUM('SCARS sSOC'!$M$7:'SCARS sSOC'!$M$85)/'SCARS sSOC'!$S$2) | F13: =IF(SUM('SCARS sSOC'!$N$7:'SCARS sSOC'!$N$85)=0,"",SUM('SCARS sSOC'!$N$7:'SCARS sSOC'!$N$85)/'SCARS sSOC'!$S$2) -> 1 | G13: =IF(SUM('SCARS sSOC'!$O$7:'SCARS sSOC'!$O$85)=0,"",SUM('SCARS sSOC'!$O$7:'SCARS sSOC'!$O$85)/'SCARS sSOC'!$S$2) -> 7 | H13: =IF(SUM('SCARS sSOC'!$P$7:'SCARS sSOC'!$P$85)=0,"",SUM('SCARS sSOC'!$P$7:'SCARS sSOC'!$P$85)/'SCARS sSOC'!$S$2) -> 3
A15: ARL SCARS LAB SOC SOFTWARE | B15: =IF(SUM('ARL SIL SOC'!$J$7:'ARL SIL SOC'!$J$81)=0,"",SUM('ARL SIL SOC'!$J$7:'ARL SIL SOC'!$J$81)/'ARL SIL SOC'!$S$2) | C15: =IF(SUM('ARL SIL SOC'!$K$7:'ARL SIL SOC'!$K$81)=0,"",SUM('ARL SIL SOC'!$K$7:'ARL SIL SOC'!$K$81)/'ARL SIL SOC'!$S$2) -> 2 | D15: =IF(SUM('ARL SIL SOC'!$L$7:'ARL SIL SOC'!$L$81)=0,"",SUM('ARL SIL SOC'!$L$7:'ARL SIL SOC'!$L$81)/'ARL SIL SOC'!$S$2) | E15: =IF(SUM('ARL SIL SOC'!$M$7:'ARL SIL SOC'!$M$81)=0,"",SUM('ARL SIL SOC'!$M$7:'ARL SIL SOC'!$M$81)/'ARL SIL SOC'!$S$2) | F15: =IF(SUM('ARL SIL SOC'!$N$7:'ARL SIL SOC'!$N$81)=0,"",SUM('ARL SIL SOC'!$N$7:'ARL SIL SOC'!$N$81)/'ARL SIL SOC'!$S$2) | G15: =IF(SUM('ARL SIL SOC'!$O$7:'ARL SIL SOC'!$O$81)=0,"",SUM('ARL SIL SOC'!$O$7:'ARL SIL SOC'!$O$81)/'ARL SIL SOC'!$S$2) -> 6 | H15: =IF(SUM('ORL SIL SOC'!$P$7:'ORL SIL SOC'!$P$81)=0,"",SUM('ORL SIL SOC'!$P$7:'ORL SIL SOC'!$P$81)/'ORL SIL SOC'!$S$2) -> 1
A17: GDR | B17: =IF(SUM(GDR!$J$7:'GDR'!$J$81)=0,"",SUM(GDR!$J$7:'GDR'!$J$81)/GDR!$S$2) | C17: =IF(SUM(GDR!$K$7:'GDR'!$K$81)=0,"",SUM(GDR!$K$7:'GDR'!$K$81)/GDR!$S$2) | D17: =IF(SUM(GDR!$L$7:'GDR'!$L$81)=0,"",SUM(GDR!$L$7:'GDR'!$L$81)/GDR!$S$2) | E17: =IF(SUM(GDR!$M$7:'GDR'!$M$81)=0,"",SUM(GDR!$M$7:'GDR'!$M$81)/GDR!$S$2) | F17: =IF(SUM(GDR!$N$7:'GDR'!$N$81)=0,"",SUM(GDR!$N$7:'GDR'!$N$81)/GDR!$S$2) | G17: =IF(SUM(GDR!$O$7:'GDR'!$O$81)=0,"",SUM(GDR!$O$7:'GDR'!$O$81)/GDR!$S$2) | H17: =IF(SUM(GDR!$P$7:'GDR'!$P$81)=0,"",SUM(GDR!$P$7:'GDR'!$P$81)/GDR!$S$2)
A19: ORL SIL SOC | B19: =IF(SUM('ORL SIL SOC'!$J$7:'ORL SIL SOC'!$J$81)=0,"",SUM('ORL SIL SOC'!$J$7:'ORL SIL SOC'!$J$81)/'ORL SIL SOC'!$S$2) | C19: =IF(SUM('ORL SIL SOC'!$K$7:'ORL SIL SOC'!$K$81)=0,"",SUM('ORL SIL SOC'!$K$7:'ORL SIL SOC'!$K$81)/'ORL SIL SOC'!$S$2) -> 2 | D19: =IF(SUM('ORL SIL SOC'!$L$7:'ORL SIL SOC'!$L$81)=0,"",SUM('ORL SIL SOC'!$L$7:'ORL SIL SOC'!$L$81)/'ORL SIL SOC'!$S$2) -> 1 | E19: =IF(SUM('ORL SIL SOC'!$M$7:'ORL SIL SOC'!$M$81)=0,"",SUM('ORL SIL SOC'!$M$7:'ORL SIL SOC'!$M$81)/'ORL SIL SOC'!$S$2) -> 2 | F19: =IF(SUM('ORL SIL SOC'!$N$7:'ORL SIL SOC'!$N$81)=0,"",SUM('ORL SIL SOC'!$N$7:'ORL SIL SOC'!$N$81)/'ORL SIL SOC'!$S$2) | G19: =IF(SUM('ORL SIL SOC'!$O$7:'ORL SIL SOC'!$O$81)=0,"",SUM('ORL SIL SOC'!$O$7:'ORL SIL SOC'!$O$81)/'ORL SIL SOC'!$S$2) -> 4 | H19: =IF(SUM('ORL SIL SOC'!$P$7:'ORL SIL SOC'!$P$81)=0,"",SUM('ORL SIL SOC'!$P$7:'ORL SIL SOC'!$P$81)/'ORL SIL SOC'!$S$2) -> 1
A21: SiSOC | B21: =IF(SUM(SiSOC!$I$7:'SiSOC'!$I$81)=0,"",SUM(SiSOC!$I$7:'SiSOC'!$I$81)/SiSOC!$S$2) -> 16 | C21: =IF(SUM(SiSOC!$J$7:'SiSOC'!$J$81)=0,"",SUM(SiSOC!$J$7:'SiSOC'!$J$81)/SiSOC!$R$2) | D21: =IF(SUM(SiSOC!$K$7:'SiSOC'!$K$81)=0,"",SUM(SiSOC!$K$7:'SiSOC'!$K$81)/SiSOC!$R$2) | E21: =IF(SUM(SiSOC!$L$7:'SiSOC'!$L$81)=0,"",SUM(SiSOC!$L$7:'SiSOC'!$L$81)/SiSOC!$R$2) | F21: =IF(SUM(SiSOC!$M$7:'SiSOC'!$M$81)=0,"",SUM(SiSOC!$M$7:'SiSOC'!$M$81)/SiSOC!$R$2) | G21: =IF(SUM(SiSOC!$N$7:'SiSOC'!$N$81)=0,"",SUM(SiSOC!$N$7:'SiSOC'!$N$81)/SiSOC!$R$2) | H21: =IF(SUM(SiSOC!$O$7:'SiSOC'!$O$81)=0,"",SUM(SiSOC!$O$7:'SiSOC'!$O$81)/SiSOC!$R$2)
A23: V4 OPE | B23: =IF(SUM('V4 OPE'!$I$7:'V4 OPE'!$I$81)=0,"",SUM('V4 OPE'!$I$7:'V4 OPE'!$I$81)/'V4 OPE'!$S$2) -> 16 | C23: =IF(SUM('V4 OPE'!$J$7:'V4 OPE'!$J$81)=0,"",SUM('V4 OPE'!$J$7:'V4 OPE'!$J$81)/'V4 OPE'!$R$2) | D23: =IF(SUM('V4 OPE'!$K$7:'V4 OPE'!$K$81)=0,"",SUM('V4 OPE'!$K$7:'V4 OPE'!$K$81)/'V4 OPE'!$R$2) | E23: =IF(SUM('V4 OPE'!$L$7:'V4 OPE'!$L$81)=0,"",SUM('V4 OPE'!$L$7:'V4 OPE'!$L$81)/'V4 OPE'!$R$2) | F23: =IF(SUM('V4 OPE'!$M$7:'V4 OPE'!$M$81)=0,"",SUM('V4 OPE'!$M$7:'V4 OPE'!$M$81)/'V4 OPE'!$R$2) | G23: =IF(SUM('V4 OPE'!$N$7:'V4 OPE'!$N$81)=0,"",SUM('V4 OPE'!$N$7:'V4 OPE'!$N$81)/'V4 OPE'!$R$2) | H23: =IF(SUM('V4 OPE'!$O$7:'V4 OPE'!$O$81)=0,"",SUM('V4 OPE'!$O$7:'V4 OPE'!$O$81)/'V4 OPE'!$R$2)
A26: ASSUMPTIONS:
A27: 1. With no access to devices reference made to "potentially outdated" software tracking Excel Spreadsheet (https://azucaeusa.sharepoint.us/:x:/r/sites/SCARSPrime/Shared%20Documents/General/26_SCARS%20Software/SCARS%20SW%20Master%20Tracking%20sheet%2012_22.xlsx?d=wc5d20e0ee1ae4926850f5944f4899752&csf=1&web=1&e=Rmv05K)
A28: 2. The expiration dates on the above referenced spreadsheet were used as a basis for assuming "current" expiration dates
A29: 3. Not all software has been identified, knowledgeable individuals can update the appropriate tabs
A30: 4. The chart above is updated "automatically." Individuals can proceed to the appropriate tabs to see the specific "expiring" software
A31: 5. SCARS OPEs have the same software expiration dates
A32: 6. End of Life (EOL) reference https://endoflife.date

Sheet SCARS sSOC
B1: How to use: | G1: Ensure the license duration (column F) is correct. Update the software activation / installation date for each device. Expiration date will be computed based on license duration. | BF1: sSOC
I2: Expiration Timeframe | Q2: =TODAY() -> 45931 | S2: =COUNTA(BF1:FU1) -> 1 | BF2: Orlando | BI2: Future | BL2: Future | BO2: Future | BR2: Future | BU2: Future | BX2: Future | CA2: Future | CD2: Future | CG2: Future | CJ2: Future | CM2: Future | CP2: Future | CS2: Future | CV2: Future | CY2: Future | DB2: Future | DE2: Future | DH2: Future | DK2: Future | DN2: Future | DQ2: Future | DT2: Future | DW2: Future | DZ2: Future | EC2: Future | EF2: Future | EI2: Future | EL2: Future | EO2: Future | ER2: Future | EU2: Future | EX2: Future | FA2: Future | FD2: Future | FG2: Future | FJ2: Future | FM2: Future | FP2: Future | FS2: Future | FV2: Remarks
G3: SCN:
G4: Task Order Number:
G5: Project Number:
A6: License Renewals Required | B6: Part Number | C6: Unit Cost | D6: Total Cost | E6: License Quantities Per Unit | F6: End of Life (EOL) Dates | G6: License Duration (in Years) | H6: Software Description | I6: >270 Days | J6: <=270 Days | K6: <=180 Days | L6: <=120 Days | M6: <=90 Days | N6: <= 60 Days | O6: <= 30 Days | P6: Expired | BF6: Software Activation / Install Date | BH6: License Expiration Date | BI6: Software Activation / Install Date | BK6: License Expiration Date | BL6: Software Activation / Install Date | BN6: License Expiration Date | BO6: Software Activation / Install Date | BQ6: License Expiration Date | BR6: Software Activation / Install Date | BT6: License Expiration Date | BU6: Software Activation / Install Date | BW6: License Expiration Date | BX6: Software Activation / Install Date | BZ6: License Expiration Date | CA6: Software Activation / Install Date | CC6: License Expiration Date | CD6: Software Activation / Install Date | CF6: License Expiration Date | CG6: Software Activation / Install Date | CI6: License Expiration Date | CJ6: Software Activation / Install Date | CL6: License Expiration Date | CM6: Software Activation / Install Date | CO6: License Expiration Date | CP6: Software Activation / Install Date | CR6: License Expiration Date | CS6: Software Activation / Install Date | CU6: License Expiration Date | CV6: Software Activation / Install Date | CX6: License Renewal Date | CY6: Software Activation / Install Date | DA6: License Expiration Date | DB6: Software Activation / Install Date | DD6: License Renewal Date | DE6: Software Activation / Install Date | DG6: License Expiration Date | DH6: Software Activation / Install Date | DJ6: License Renewal Date | DK6: Software Activation / Install Date | DM6: License Expiration Date | DN6: Software Activation / Install Date | DP6: License Renewal Date | DQ6: Software Activation / Install Date | DS6: License Expiration Date | DT6: Software Activation / Install Date | DV6: License Renewal Date | DW6: Software Activation / Install Date | DY6: License Expiration Date | DZ6: Software Activation / Install Date | EB6: License Renewal Date | EC6: Software Activation / Install Date | EE6: License Expiration Date | EF6: Software Activation / Install Date | EH6: License Renewal Date | EI6: Software Activation / Install Date | EK6: License Expiration Date | EL6: Software Activation / Install Date | EN6: License Renewal Date | EO6: Software Activation / Install Date | EQ6: License Expiration Date | ER6: Software Activation / Install Date | ET6: License Renewal Date | EU6: Software Activation / Install Date | EW6: License Expiration Date | EX6: Software Activation / Install Date | EZ6: License Renewal Date | FA6: Software Activation / Install Date | FC6: License Expiration Date | FD6: Software Activation / Install Date | FF6: License Renewal Date | FG6: Software Activation / Install Date | FI6: License Expiration Date | FJ6: Software Activation / Install Date | FL6: License Renewal Date | FM6: Software Activation / Install Date | FO6: License Expiration Date | FP6: Software Activation / Install Date | FR6: License Renewal Date | FS6: Software Activation / Install Date | FU6: License Expiration Date | GA6: Number of Devices:
A7: =IF(E7="","",E7*$GA$7) -> 128 | B7: P007189-008 | C7: 79.99 | D7: =IF(A7="","",A7*C7) -> 10238.72 | E7: 128 | F7: 2016 - 1/12/27 2019 - 1/9/29 2022 - 10/14/31 23H2 - 10/24/25 | G7: N/A | H7: WinSvrSTDCore ALNG LicSAPk MVL 2Lic CoreLic | I7: =IF(COUNTIFS($Q7:$BD7,">270")=0,"",COUNTIFS($Q7:$BD7,">270")) | J7: =IF(COUNTIFS($Q7:$BD7,"<=270")>0,IF(COUNTIFS($Q7:$BD7,"<=270")-COUNTIFS($Q7:$BD7,"<=180")=0,"",COUNTIFS($Q7:$BD7,"<=270")-COUNTIFS($Q7:$BD7,"<=180")),"") | K7: =IF(COUNTIFS($Q7:$BD7,"<=180")>0,IF(COUNTIFS($Q7:$BD7,"<=180")-COUNTIFS($Q7:$BD7,"<=120")=0,"",COUNTIFS($Q7:$BD7,"<=180")-COUNTIFS($Q7:$BD7,"<=120")),"") | L7: =IF(COUNTIFS($Q7:$BD7,"<=120")>0,IF(COUNTIFS($Q7:$BD7,"<=120")-COUNTIFS($Q7:$BD7,"<=90")=0,"",COUNTIFS($Q7:$BD7,"<=120")-COUNTIFS($Q7:$BD7,"<=90")),"") | M7: =IF(COUNTIFS($Q7:$BD7,"<=90")>0,IF(COUNTIFS($Q7:$BD7,"<=90")-COUNTIFS($Q7:$BD7,"<=60")=0,"",COUNTIFS($Q7:$BD7,"<=90")-COUNTIFS($Q7:$BD7,"<=60")),"") | N7: =IF(COUNTIFS($Q7:$BD7,"<=60")>0,IF(COUNTIFS($Q7:$BD7,"<=60")-COUNTIFS($Q7:$BD7,"<=30")=0,"",COUNTIFS($Q7:$BD7,"<=60")-COUNTIFS($Q7:$BD7,"<=30")),"") | O7: =IF(COUNTIFS($Q7:$BD7,"<=30")>0,IF(COUNTIFS($Q7:$BD7,"<=30")-COUNTIFS($Q7:$BD7,"<=0")=0,"",COUNTIFS($Q7:$BD7,"<=30")-COUNTIFS($Q7:$BD7,"<=0")),"") | P7: =IF(COUNTIFS($Q7:$BD7,"<=0")=0,"",COUNTIFS($Q7:$BD7,"<=0")) | Q7: =IF($S$2>0,IF(BG7="","",BG7),"") -> #VALUE! | R7: =IF($S$2>1,IF(BJ7="","",BJ7),"") | S7: =IF($S$2>2,IF(BM7="","",BM7),"") | T7: =IF($S$2>3,IF(BP7="","",BP7),"") | U7: =IF($S$2>4,IF(BS7="","",BS7),"") | V7: =IF($S$2>5,IF(BV7="","",BV7),"") | W7: =IF($S$2>6,IF(BY7="","",BY7),"") | X7: =IF($S$2>7,IF(CB7="","",CB7),"") | Y7: =IF($S$2>8,IF(CE7="","",CE7),"") | Z7: =IF($S$2>9,IF(CH7="","",CH7),"") | AA7: =IF($S$2>10,IF(CK7="","",CK7),"") | AB7: =IF($S$2>11,IF(CN7="","",CN7),"") | AC7: =IF($S$2>12,IF(CQ7="","",CQ7),"") | AD7: =IF($S$2>13,IF(CT7="","",CT7),"") | AE7: =IF($S$2>14,IF(CW7="","",CW7),"") | AF7: =IF($S$2>15,IF(CZ7="","",CZ7),"") | AG7: =IF($S$2>16,IF(DC7="","",DC7),"") | AH7: =IF($S$2>17,IF(DF7="","",DF7),"") | AI7: =IF($S$2>18,IF(DI7 = "","",DI7),"") | AJ7: =IF($S$2>19,IF(DL7="","",DL7),"") | AK7: =IF($S$2>20,IF(DO7="","",DO7),"") | AL7: =IF($S$2>21,IF(DR7="","",DR7),"") | AM7: =IF($S$2>22,IF(DU7="","",DU7),"") | AN7: =IF($S$2>23,IF(DX7="","",DX7),"") | AO7: =IF($S$2>24,IF(EA7="","",EA7),"") | AP7: =IF($S$2>25,IF(ED7="","",ED7),"") | AQ7: =IF($S$2>26,IF(EG7="","",EG7),"") | AR7: =IF($S$2>27,IF(EJ7="","",EJ7),"") | AS7: =IF($S$2>28,IF(EM7="","",EM7),"") | AT7: =IF($S$2>29,IF(EP7 = "", "", EP7),"") | AU7: =IF($S$2>30,IF(ES7="","",ES7),"") | AV7: =IF($S$2>31,IF(EV7="","",EV7),"") | AW7: =IF($S$2>32,IF(EY7="","",EY7),"") | AX7: =IF($S$2>33,IF(FB7="","",FB7),"") | AY7: =IF($S$2>34,IF(FE7="","",FE7),"") | AZ7: =IF($S$2>35,IF(FH7="","",FH7),"") | BA7: =IF($S$2>36,IF(FK7="","",FK7),"") | BB7: =IF($S$2>37,IF(FN7="","",FN7),"") | BC7: =IF($S$2>38,IF(FQ7="","",FQ7),"") | BD7: =IF($S$2>39,IF(FT7="","",FT7),"") | BE7: =IF($S$2>40,IF(FW7="","",FW7),"") | BF7: 45337 | BG7: =IF(BH7="","",_xlfn.DAYS(BH7,$Q$2)) -> #VALUE! | BH7: =IF(BF7="","",BF7+($G7*365)) -> #VALUE! | BJ7: =IF(BK7="","",_xlfn.DAYS(BK7,$Q$2)) | BK7: =IF(BI7="","",BI7+($G7*365)) | BM7: =IF(BN7="","",_xlfn.DAYS(BN7,$Q$2)) | BN7: =IF(BL7="","",BL7+($G7*365)) | BP7: =IF(BQ7="","",_xlfn.DAYS(BQ7,$Q$2)) | BQ7: =IF(BO7="","",BO7+($G7*365)) | BS7: =IF(BT7="","",_xlfn.DAYS(BT7,$Q$2)) | BT7: =IF(BR7="","",BR7+($G7*365)) | BV7: =IF(BW7="","",_xlfn.DAYS(BW7,$Q$2)) | BW7: =IF(BU7="","",BU7+($G7*365)) | BY7: =IF(BZ7="","",_xlfn.DAYS(BZ7,$Q$2)) | BZ7: =IF(BX7="","",BX7+($G7*365)) | CB7: =IF(CC7="","",_xlfn.DAYS(CC7,$Q$2)) | CC7: =IF(CA7="","",CA7+($G7*365)) | CE7: =IF(CF7="","",_xlfn.DAYS(CF7,$Q$2)) | CF7: =IF(CD7="","",CD7+($G7*365)) | CH7: =IF(CI7="","",_xlfn.DAYS(CI7,$Q$2)) | CI7: =IF(CG7="","",CG7+($G7*365)) | CK7: =IF(CL7="","",_xlfn.DAYS(CL7,$Q$2)) | CL7: =IF(CJ7="","",CJ7+($G7*365)) | CN7: =IF(CO7="","",_xlfn.DAYS(CO7,$Q$2)) | CO7: =IF(CM7="","",CM7+($G7*365)) | CQ7: =IF(CR7="","",_xlfn.DAYS(CR7,$Q$2)) | CR7: =IF(CP7="","",CP7+($G7*365)) | CT7: =IF(CU7="","",_xlfn.DAYS(CU7,$Q$2)) | CU7: =IF(CS7="","",CS7+($G7*365)) | CW7: =IF(CX7="","",_xlfn.DAYS(CX7,$Q$2)) | CX7: =IF(CV7="","",CV7+($G7*365)) | CZ7: =IF(DA7="","",_xlfn.DAYS(DA7,$Q$2)) | DA7: =IF(CY7="","",CY7+($G7*365)) | DC7: =IF(DD7="","",_xlfn.DAYS(DD7,$Q$2)) | DD7: =IF(DB7="","",DB7+($G7*365)) | DF7: =IF(DG7="","",_xlfn.DAYS(DG7,$Q$2)) | DG7: =IF(DE7="","",DE7+($G7*365)) | DI7: =IF(DJ7="","",_xlfn.DAYS(DJ7,$Q$2)) | DJ7: =IF(DH7="","",DH7+($G7*365)) | DL7: =IF(DM7="","",_xlfn.DAYS(DM7,$Q$2)) | DM7: =IF(DK7="","",DK7+($G7*365)) | DO7: =IF(DP7="","",_xlfn.DAYS(DP7,$Q$2)) | DP7: =IF(DN7="","",DN7+($G7*365)) | DR7: =IF(DS7="","",_xlfn.DAYS(DS7,$Q$2)) | DS7: =IF(DQ7="","",DQ7+($G7*365)) | DU7: =IF(DV7="","",_xlfn.DAYS(DV7,$Q$2)) | DV7: =IF(DT7="","",DT7+($G7*365)) | DX7: =IF(DY7="","",_xlfn.DAYS(DY7,$Q$2)) | DY7: =IF(DW7="","",DW7+($G7*365)) | EA7: =IF(EB7="","",_xlfn.DAYS(EB7,$Q$2)) | EB7: =IF(DZ7="","",DZ7+($G7*365)) | ED7: =IF(EE7="","",_xlfn.DAYS(EE7,$Q$2)) | EE7: =IF(EC7="","",EC7+($G7*365)) | EG7: =IF(EH7="","",_xlfn.DAYS(EH7,$Q$2)) | EH7: =IF(EF7="","",EF7+($G7*365)) | EJ7: =IF(EK7="","",_xlfn.DAYS(EK7,$Q$2)) | EK7: =IF(EI7="","",EI7+($G7*365)) | EM7: =IF(EN7="","",_xlfn.DAYS(EN7,$Q$2)) | EN7: =IF(EL7="","",EL7+($G7*365)) | EP7: =IF(EQ7="","",_xlfn.DAYS(EQ7,$Q$2)) | EQ7: =IF(EO7="","",EO7+($G7*365)) | ES7: =IF(ET7="","",_xlfn.DAYS(ET7,$Q$2)) | ET7: =IF(ER7="","",ER7+($G7*365)) | EV7: =IF(EW7="","",_xlfn.DAYS(EW7,$Q$2)) | EW7: =IF(EU7="","",EU7+($G7*365)) | EY7: =IF(EZ7="","",_xlfn.DAYS(EZ7,$Q$2)) | EZ7: =IF(EX7="","",EX7+($G7*365)) | FB7: =IF(FC7="","",_xlfn.DAYS(FC7,$Q$2)) | FC7: =IF(FA7="","",FA7+($G7*365)) | FE7: =IF(FF7="","",_xlfn.DAYS(FF7,$Q$2)) | FF7: =IF(FD7="","",FD7+($G7*365)) | FH7: =IF(FI7="","",_xlfn.DAYS(FI7,$Q$2)) | FI7: =IF(FG7="","",FG7+($G7*365)) | FK7: =IF(FL7="","",_xlfn.DAYS(FL7,$Q$2)) | FL7: =IF(FJ7="","",FJ7+($G7*365)) | FN7: =IF(FO7="","",_xlfn.DAYS(FO7,$Q$2)) | FO7: =IF(FM7="","",FM7+($G7*365)) | FQ7: =IF(FR7="","",_xlfn.DAYS(FR7,$Q$2)) | FR7: =IF(FP7 = "", "",FP7+($G7*365)) | FT7: =IF(FU7="","",_xlfn.DAYS(FU7,$Q$2)) | FU7: =IF(FS7="","",FS7+($G7*365)) | GA7: =$S$2 -> 1
A8: =IF(E8="","",E8*$GA$7) -> 12 | B8: P004173-030 | C8: 0 | D8: =IF(A8="","",A8*C8) -> 0 | E8: 12 | G8: N/A | H8: CoreCAL ALNG LicSAPk MVL Pltfrm UsrCAL | I8: =IF(COUNTIFS($Q8:$BD8,">270")=0,"",COUNTIFS($Q8:$BD8,">270")) | J8: =IF(COUNTIFS($Q8:$BD8,"<=270")>0,IF(COUNTIFS($Q8:$BD8,"<=270")-COUNTIFS($Q8:$BD8,"<=180")=0,"",COUNTIFS($Q8:$BD8,"<=270")-COUNTIFS($Q8:$BD8,"<=180")),"") | K8: =IF(COUNTIFS($Q8:$BD8,"<=180")>0,IF(COUNTIFS($Q8:$BD8,"<=180")-COUNTIFS($Q8:$BD8,"<=120")=0,"",COUNTIFS($Q8:$BD8,"<=180")-COUNTIFS($Q8:$BD8,"<=120")),"") | L8: =IF(COUNTIFS($Q8:$BD8,"<=120")>0,IF(COUNTIFS($Q8:$BD8,"<=120")-COUNTIFS($Q8:$BD8,"<=90")=0,"",COUNTIFS($Q8:$BD8,"<=120")-COUNTIFS($Q8:$BD8,"<=90")),"") | M8: =IF(COUNTIFS($Q8:$BD8,"<=90")>0,IF(COUNTIFS($Q8:$BD8,"<=90")-COUNTIFS($Q8:$BD8,"<=60")=0,"",COUNTIFS($Q8:$BD8,"<=90")-COUNTIFS($Q8:$BD8,"<=60")),"") | N8: =IF(COUNTIFS($Q8:$BD8,"<=60")>0,IF(COUNTIFS($Q8:$BD8,"<=60")-COUNTIFS($Q8:$BD8,"<=30")=0,"",COUNTIFS($Q8:$BD8,"<=60")-COUNTIFS($Q8:$BD8,"<=30")),"") | O8: =IF(COUNTIFS($Q8:$BD8,"<=30")>0,IF(COUNTIFS($Q8:$BD8,"<=30")-COUNTIFS($Q8:$BD8,"<=0")=0,"",COUNTIFS($Q8:$BD8,"<=30")-COUNTIFS($Q8:$BD8,"<=0")),"") | P8: =IF(COUNTIFS($Q8:$BD8,"<=0")=0,"",COUNTIFS($Q8:$BD8,"<=0")) | Q8: =IF($S$2>0,IF(BG8="","",BG8),"") -> #VALUE! | R8: =IF($S$2>1,IF(BJ8="","",BJ8),"") | S8: =IF($S$2>2,IF(BM8="","",BM8),"") | T8: =IF($S$2>3,IF(BP8="","",BP8),"") | U8: =IF($S$2>4,IF(BS8="","",BS8),"") | V8: =IF($S$2>5,IF(BV8="","",BV8),"") | W8: =IF($S$2>6,IF(BY8="","",BY8),"") | X8: =IF($S$2>7,IF(CB8="","",CB8),"") | Y8: =IF($S$2>8,IF(CE8="","",CE8),"") | Z8: =IF($S$2>9,IF(CH8="","",CH8),"") | AA8: =IF($S$2>10,IF(CK8="","",CK8),"") | AB8: =IF($S$2>11,IF(CN8="","",CN8),"") | AC8: =IF($S$2>12,IF(CQ8="","",CQ8),"") | AD8: =IF($S$2>13,IF(CT8="","",CT8),"") | AE8: =IF($S$2>14,IF(CW8="","",CW8),"") | AF8: =IF($S$2>15,IF(CZ8="","",CZ8),"") | AG8: =IF($S$2>16,IF(DC8="","",DC8),"") | AH8: =IF($S$2>17,IF(DF8="","",DF8),"") | AI8: =IF($S$2>18,IF(DI8 = "","",DI8),"") | AJ8: =IF($S$2>19,IF(DL8="","",DL8),"") | AK8: =IF($S$2>20,IF(DO8="","",DO8),"") | AL8: =IF($S$2>21,IF(DR8="","",DR8),"") | AM8: =IF($S$2>22,IF(DU8="","",DU8),"") | AN8: =IF($S$2>23,IF(DX8="","",DX8),"") | AO8: =IF($S$2>24,IF(EA8="","",EA8),"") | AP8: =IF($S$2>25,IF(ED8="","",ED8),"") | AQ8: =IF($S$2>26,IF(EG8="","",EG8),"") | AR8: =IF($S$2>27,IF(EJ8="","",EJ8),"") | AS8: =IF($S$2>28,IF(EM8="","",EM8),"") | AT8: =IF($S$2>29,IF(EP8 = "", "", EP8),"") | AU8: =IF($S$2>30,IF(ES8="","",ES8),"") | AV8: =IF($S$2>31,IF(EV8="","",EV8),"") | AW8: =IF($S$2>32,IF(EY8="","",EY8),"") | AX8: =IF($S$2>33,IF(FB8="","",FB8),"") | AY8: =IF($S$2>34,IF(FE8="","",FE8),"") | AZ8: =IF($S$2>35,IF(FH8="","",FH8),"") | BA8: =IF($S$2>36,IF(FK8="","",FK8),"") | BB8: =IF($S$2>37,IF(FN8="","",FN8),"") | BC8: =IF($S$2>38,IF(FQ8="","",FQ8),"") | BD8: =IF($S$2>39,IF(FT8="","",FT8),"") | BE8: =IF($S$2>40,IF(FW8="","",FW8),"") | BF8: 45337 | BG8: =IF(BH8="","",_xlfn.DAYS(BH8,$Q$2)) -> #VALUE! | BH8: =IF(BF8="","",BF8+($G8*365)) -> #VALUE! | BJ8: =IF(BK8="","",_xlfn.DAYS(BK8,$Q$2)) | BK8: =IF(BI8="","",BI8+($G8*365)) | BM8: =IF(BN8="","",_xlfn.DAYS(BN8,$Q$2)) | BN8: =IF(BL8="","",BL8+($G8*365)) | BP8: =IF(BQ8="","",_xlfn.DAYS(BQ8,$Q$2)) | BQ8: =IF(BO8="","",BO8+($G8*365)) | BS8: =IF(BT8="","",_xlfn.DAYS(BT8,$Q$2)) | BT8: =IF(BR8="","",BR8+($G8*365)) | BV8: =IF(BW8="","",_xlfn.DAYS(BW8,$Q$2)) | BW8: =IF(BU8="","",BU8+($G8*365)) | BY8: =IF(BZ8="","",_xlfn.DAYS(BZ8,$Q$2)) | BZ8: =IF(BX8="","",BX8+($G8*365)) | CB8: =IF(CC8="","",_xlfn.DAYS(CC8,$Q$2)) | CC8: =IF(CA8="","",CA8+($G8*365)) | CE8: =IF(CF8="","",_xlfn.DAYS(CF8,$Q$2)) | CF8: =IF(CD8="","",CD8+($G8*365)) | CH8: =IF(CI8="","",_xlfn.DAYS(CI8,$Q$2)) | CI8: =IF(CG8="","",CG8+($G8*365)) | CK8: =IF(CL8="","",_xlfn.DAYS(CL8,$Q$2)) | CL8: =IF(CJ8="","",CJ8+($G8*365)) | CN8: =IF(CO8="","",_xlfn.DAYS(CO8,$Q$2)) | CO8: =IF(CM8="","",CM8+($G8*365)) | CQ8: =IF(CR8="","",_xlfn.DAYS(CR8,$Q$2)) | CR8: =IF(CP8="","",CP8+($G8*365)) | CT8: =IF(CU8="","",_xlfn.DAYS(CU8,$Q$2)) | CU8: =IF(CS8="","",CS8+($G8*365)) | CW8: =IF(CX8="","",_xlfn.DAYS(CX8,$Q$2)) | CX8: =IF(CV8="","",CV8+($G8*365)) | CZ8: =IF(DA8="","",_xlfn.DAYS(DA8,$Q$2)) | DA8: =IF(CY8="","",CY8+($G8*365)) | DC8: =IF(DD8="","",_xlfn.DAYS(DD8,$Q$2)) | DD8: =IF(DB8="","",DB8+($G8*365)) | DF8: =IF(DG8="","",_xlfn.DAYS(DG8,$Q$2)) | DG8: =IF(DE8="","",DE8+($G8*365)) | DI8: =IF(DJ8="","",_xlfn.DAYS(DJ8,$Q$2)) | DJ8: =IF(DH8="","",DH8+($G8*365)) | DL8: =IF(DM8="","",_xlfn.DAYS(DM8,$Q$2)) | DM8: =IF(DK8="","",DK8+($G8*365)) | DO8: =IF(DP8="","",_xlfn.DAYS(DP8,$Q$2)) | DP8: =IF(DN8="","",DN8+($G8*365)) | DR8: =IF(DS8="","",_xlfn.DAYS(DS8,$Q$2)) | DS8: =IF(DQ8="","",DQ8+($G8*365)) | DU8: =IF(DV8="","",_xlfn.DAYS(DV8,$Q$2)) | DV8: =IF(DT8="","",DT8+($G8*365)) | DX8: =IF(DY8="","",_xlfn.DAYS(DY8,$Q$2)) | DY8: =IF(DW8="","",DW8+($G8*365)) | EA8: =IF(EB8="","",_xlfn.DAYS(EB8,$Q$2)) | EB8: =IF(DZ8="","",DZ8+($G8*365)) | ED8: =IF(EE8="","",_xlfn.DAYS(EE8,$Q$2)) | EE8: =IF(EC8="","",EC8+($G8*365)) | EG8: =IF(EH8="","",_xlfn.DAYS(EH8,$Q$2)) | EH8: =IF(EF8="","",EF8+($G8*365)) | EJ8: =IF(EK8="","",_xlfn.DAYS(EK8,$Q$2)) | EK8: =IF(EI8="","",EI8+($G8*365)) | EM8: =IF(EN8="","",_xlfn.DAYS(EN8,$Q$2)) | EN8: =IF(EL8="","",EL8+($G8*365)) | EP8: =IF(EQ8="","",_xlfn.DAYS(EQ8,$Q$2)) | EQ8: =IF(EO8="","",EO8+($G8*365)) | ES8: =IF(ET8="","",_xlfn.DAYS(ET8,$Q$2)) | ET8: =IF(ER8="","",ER8+($G8*365)) | EV8: =IF(EW8="","",_xlfn.DAYS(EW8,$Q$2)) | EW8: =IF(EU8="","",EU8+($G8*365)) | EY8: =IF(EZ8="","",_xlfn.DAYS(EZ8,$Q$2)) | EZ8: =IF(EX8="","",EX8+($G8*365)) | FB8: =IF(FC8="","",_xlfn.DAYS(FC8,$Q$2)) | FC8: =IF(FA8="","",FA8+($G8*365)) | FE8: =IF(FF8="","",_xlfn.DAYS(FF8,$Q$2)) | FF8: =IF(FD8="","",FD8+($G8*365)) | FH8: =IF(FI8="","",_xlfn.DAYS(FI8,$Q$2)) | FI8: =IF(FG8="","",FG8+($G8*365)) | FK8: =IF(FL8="","",_xlfn.DAYS(FL8,$Q$2)) | FL8: =IF(FJ8="","",FJ8+($G8*365)) | FN8: =IF(FO8="","",_xlfn.DAYS(FO8,$Q$2)) | FO8: =IF(FM8="","",FM8+($G8*365)) | FQ8: =IF(FR8="","",_xlfn.DAYS(FR8,$Q$2)) | FR8: =IF(FP8 = "", "",FP8+($G8*365)) | FT8: =IF(FU8="","",_xlfn.DAYS(FU8,$Q$2)) | FU8: =IF(FS8="","",FS8+($G8*365))
A9: =IF(E9="","",E9*$GA$7) -> 7 | B9: P004189-006 | C9: 308 | D9: =IF(A9="","",A9*C9) -> 2156 | E9: 7 | F9: 10 1507 - 10/14/25 10 1607 - 10/13/26 10 1809 - 1/9/29 10 21H2 - 1/12/27 10 21H2 IoT - 1/13/32 10 22H2 - 10/14/25 11 21H2 - 10/8/24 11 22H2 - 10/14/25 11 23H2 - 11/10/26 | G9: N/A | H9: WIN ENT UPGRADE & SA SNGL 1 License | I9: =IF(COUNTIFS($Q9:$BD9,">270")=0,"",COUNTIFS($Q9:$BD9,">270")) | J9: =IF(COUNTIFS($Q9:$BD9,"<=270")>0,IF(COUNTIFS($Q9:$BD9,"<=270")-COUNTIFS($Q9:$BD9,"<=180")=0,"",COUNTIFS($Q9:$BD9,"<=270")-COUNTIFS($Q9:$BD9,"<=180")),"") | K9: =IF(COUNTIFS($Q9:$BD9,"<=180")>0,IF(COUNTIFS($Q9:$BD9,"<=180")-COUNTIFS($Q9:$BD9,"<=120")=0,"",COUNTIFS($Q9:$BD9,"<=180")-COUNTIFS($Q9:$BD9,"<=120")),"") | L9: =IF(COUNTIFS($Q9:$BD9,"<=120")>0,IF(COUNTIFS($Q9:$BD9,"<=120")-COUNTIFS($Q9:$BD9,"<=90")=0,"",COUNTIFS($Q9:$BD9,"<=120")-COUNTIFS($Q9:$BD9,"<=90")),"") | M9: =IF(COUNTIFS($Q9:$BD9,"<=90")>0,IF(COUNTIFS($Q9:$BD9,"<=90")-COUNTIFS($Q9:$BD9,"<=60")=0,"",COUNTIFS($Q9:$BD9,"<=90")-COUNTIFS($Q9:$BD9,"<=60")),"") | N9: =IF(COUNTIFS($Q9:$BD9,"<=60")>0,IF(COUNTIFS($Q9:$BD9,"<=60")-COUNTIFS($Q9:$BD9,"<=30")=0,"",COUNTIFS($Q9:$BD9,"<=60")-COUNTIFS($Q9:$BD9,"<=30")),"") | O9: =IF(COUNTIFS($Q9:$BD9,"<=30")>0,IF(COUNTIFS($Q9:$BD9,"<=30")-COUNTIFS($Q9:$BD9,"<=0")=0,"",COUNTIFS($Q9:$BD9,"<=30")-COUNTIFS($Q9:$BD9,"<=0")),"") | P9: =IF(COUNTIFS($Q9:$BD9,"<=0")=0,"",COUNTIFS($Q9:$BD9,"<=0")) | Q9: =IF($S$2>0,IF(BG9="","",BG9),"") -> #VALUE! | R9: =IF($S$2>1,IF(BJ9="","",BJ9),"") | S9: =IF($S$2>2,IF(BM9="","",BM9),"") | T9: =IF($S$2>3,IF(BP9="","",BP9),"") | U9: =IF($S$2>4,IF(BS9="","",BS9),"") | V9: =IF($S$2>5,IF(BV9="","",BV9),"") | W9: =IF($S$2>6,IF(BY9="","",BY9),"") | X9: =IF($S$2>7,IF(CB9="","",CB9),"") | Y9: =IF($S$2>8,IF(CE9="","",CE9),"") | Z9: =IF($S$2>9,IF(CH9="","",CH9),"") | AA9: =IF($S$2>10,IF(CK9="","",CK9),"") | AB9: =IF($S$2>11,IF(CN9="","",CN9),"") | AC9: =IF($S$2>12,IF(CQ9="","",CQ9),"") | AD9: =IF($S$2>13,IF(CT9="","",CT9),"") | AE9: =IF($S$2>14,IF(CW9="","",CW9),"") | AF9: =IF($S$2>15,IF(CZ9="","",CZ9),"") | AG9: =IF($S$2>16,IF(DC9="","",DC9),"") | AH9: =IF($S$2>17,IF(DF9="","",DF9),"") | AI9: =IF($S$2>18,IF(DI9 = "","",DI9),"") | AJ9: =IF($S$2>19,IF(DL9="","",DL9),"") | AK9: =IF($S$2>20,IF(DO9="","",DO9),"") | AL9: =IF($S$2>21,IF(DR9="","",DR9),"") | AM9: =IF($S$2>22,IF(DU9="","",DU9),"") | AN9: =IF($S$2>23,IF(DX9="","",DX9),"") | AO9: =IF($S$2>24,IF(EA9="","",EA9),"") | AP9: =IF($S$2>25,IF(ED9="","",ED9),"") | AQ9: =IF($S$2>26,IF(EG9="","",EG9),"") | AR9: =IF($S$2>27,IF(EJ9="","",EJ9),"") | AS9: =IF($S$2>28,IF(EM9="","",EM9),"") | AT9: =IF($S$2>29,IF(EP9 = "", "", EP9),"") | AU9: =IF($S$2>30,IF(ES9="","",ES9),"") | AV9: =IF($S$2>31,IF(EV9="","",EV9),"") | AW9: =IF($S$2>32,IF(EY9="","",EY9),"") | AX9: =IF($S$2>33,IF(FB9="","",FB9),"") | AY9: =IF($S$2>34,IF(FE9="","",FE9),"") | AZ9: =IF($S$2>35,IF(FH9="","",FH9),"") | BA9: =IF($S$2>36,IF(FK9="","",FK9),"") | BB9: =IF($S$2>37,IF(FN9="","",FN9),"") | BC9: =IF($S$2>38,IF(FQ9="","",FQ9),"") | BD9: =IF($S$2>39,IF(FT9="","",FT9),"") | BE9: =IF($S$2>40,IF(FW9="","",FW9),"") | BF9: 45303 | BG9: =IF(BH9="","",_xlfn.DAYS(BH9,$Q$2)) -> #VALUE! | BH9: =IF(BF9="","",BF9+($G9*365)) -> #VALUE! | BJ9: =IF(BK9="","",_xlfn.DAYS(BK9,$Q$2)) | BK9: =IF(BI9="","",BI9+($G9*365)) | BM9: =IF(BN9="","",_xlfn.DAYS(BN9,$Q$2)) | BN9: =IF(BL9="","",BL9+($G9*365)) | BP9: =IF(BQ9="","",_xlfn.DAYS(BQ9,$Q$2)) | BQ9: =IF(BO9="","",BO9+($G9*365)) | BS9: =IF(BT9="","",_xlfn.DAYS(BT9,$Q$2)) | BT9: =IF(BR9="","",BR9+($G9*365)) | BV9: =IF(BW9="","",_xlfn.DAYS(BW9,$Q$2)) | BW9: =IF(BU9="","",BU9+($G9*365)) | BY9: =IF(BZ9="","",_xlfn.DAYS(BZ9,$Q$2)) | BZ9: =IF(BX9="","",BX9+($G9*365)) | CB9: =IF(CC9="","",_xlfn.DAYS(CC9,$Q$2)) | CC9: =IF(CA9="","",CA9+($G9*365)) | CE9: =IF(CF9="","",_xlfn.DAYS(CF9,$Q$2)) | CF9: =IF(CD9="","",CD9+($G9*365)) | CH9: =IF(CI9="","",_xlfn.DAYS(CI9,$Q$2)) | CI9: =IF(CG9="","",CG9+($G9*365)) | CK9: =IF(CL9="","",_xlfn.DAYS(CL9,$Q$2)) | CL9: =IF(CJ9="","",CJ9+($G9*365)) | CN9: =IF(CO9="","",_xlfn.DAYS(CO9,$Q$2)) | CO9: =IF(CM9="","",CM9+($G9*365)) | CQ9: =IF(CR9="","",_xlfn.DAYS(CR9,$Q$2)) | CR9: =IF(CP9="","",CP9+($G9*365)) | CT9: =IF(CU9="","",_xlfn.DAYS(CU9,$Q$2)) | CU9: =IF(CS9="","",CS9+($G9*365)) | CW9: =IF(CX9="","",_xlfn.DAYS(CX9,$Q$2)) | CX9: =IF(CV9="","",CV9+($G9*365)) | CZ9: =IF(DA9="","",_xlfn.DAYS(DA9,$Q$2)) | DA9: =IF(CY9="","",CY9+($G9*365)) | DC9: =IF(DD9="","",_xlfn.DAYS(DD9,$Q$2)) | DD9: =IF(DB9="","",DB9+($G9*365)) | DF9: =IF(DG9="","",_xlfn.DAYS(DG9,$Q$2)) | DG9: =IF(DE9="","",DE9+($G9*365)) | DI9: =IF(DJ9="","",_xlfn.DAYS(DJ9,$Q$2)) | DJ9: =IF(DH9="","",DH9+($G9*365)) | DL9: =IF(DM9="","",_xlfn.DAYS(DM9,$Q$2)) | DM9: =IF(DK9="","",DK9+($G9*365)) | DO9: =IF(DP9="","",_xlfn.DAYS(DP9,$Q$2)) | DP9: =IF(DN9="","",DN9+($G9*365)) | DR9: =IF(DS9="","",_xlfn.DAYS(DS9,$Q$2)) | DS9: =IF(DQ9="","",DQ9+($G9*365)) | DU9: =IF(DV9="","",_xlfn.DAYS(DV9,$Q$2)) | DV9: =IF(DT9="","",DT9+($G9*365)) | DX9: =IF(DY9="","",_xlfn.DAYS(DY9,$Q$2)) | DY9: =IF(DW9="","",DW9+($G9*365)) | EA9: =IF(EB9="","",_xlfn.DAYS(EB9,$Q$2)) | EB9: =IF(DZ9="","",DZ9+($G9*365)) | ED9: =IF(EE9="","",_xlfn.DAYS(EE9,$Q$2)) | EE9: =IF(EC9="","",EC9+($G9*365)) | EG9: =IF(EH9="","",_xlfn.DAYS(EH9,$Q$2)) | EH9: =IF(EF9="","",EF9+($G9*365)) | EJ9: =IF(EK9="","",_xlfn.DAYS(EK9,$Q$2)) | EK9: =IF(EI9="","",EI9+($G9*365)) | EM9: =IF(EN9="","",_xlfn.DAYS(EN9,$Q$2)) | EN9: =IF(EL9="","",EL9+($G9*365)) | EP9: =IF(EQ9="","",_xlfn.DAYS(EQ9,$Q$2)) | EQ9: =IF(EO9="","",EO9+($G9*365)) | ES9: =IF(ET9="","",_xlfn.DAYS(ET9,$Q$2)) | ET9: =IF(ER9="","",ER9+($G9*365)) | EV9: =IF(EW9="","",_xlfn.DAYS(EW9,$Q$2)) | EW9: =IF(EU9="","",EU9+($G9*365)) | EY9: =IF(EZ9="","",_xlfn.DAYS(EZ9,$Q$2)) | EZ9: =IF(EX9="","",EX9+($G9*365)) | FB9: =IF(FC9="","",_xlfn.DAYS(FC9,$Q$2)) | FC9: =IF(FA9="","",FA9+($G9*365)) | FE9: =IF(FF9="","",_xlfn.DAYS(FF9,$Q$2)) | FF9: =IF(FD9="","",FD9+($G9*365)) | FH9: =IF(FI9="","",_xlfn.DAYS(FI9,$Q$2)) | FI9: =IF(FG9="","",FG9+($G9*365)) | FK9: =IF(FL9="","",_xlfn.DAYS(FL9,$Q$2)) | FL9: =IF(FJ9="","",FJ9+($G9*365)) | FN9: =IF(FO9="","",_xlfn.DAYS(FO9,$Q$2)) | FO9: =IF(FM9="","",FM9+($G9*365)) | FQ9: =IF(FR9="","",_xlfn.DAYS(FR9,$Q$2)) | FR9: =IF(FP9 = "", "",FP9+($G9*365)) | FT9: =IF(FU9="","",_xlfn.DAYS(FU9,$Q$2)) | FU9: =IF(FS9="","",FS9+($G9*365))
A10: =IF(E10="","",E10*$GA$7) -> 1 | B10: P010012-003 | C10: 0 | D10: =IF(A10="","",A10*C10) -> 0 | E10: 1 | F10: 2016 - 10/14/25 2019 - 10/14/25 2021 - 10/13/26 365 - Unknown | G10: N/A | H10: O365ProplusDOD ShrdSvr ALNG SubsVL MVL PerUsr | I10: =IF(COUNTIFS($Q10:$BD10,">270")=0,"",COUNTIFS($Q10:$BD10,">270")) | J10: =IF(COUNTIFS($Q10:$BD10,"<=270")>0,IF(COUNTIFS($Q10:$BD10,"<=270")-COUNTIFS($Q10:$BD10,"<=180")=0,"",COUNTIFS($Q10:$BD10,"<=270")-COUNTIFS($Q10:$BD10,"<=180")),"") | K10: =IF(COUNTIFS($Q10:$BD10,"<=180")>0,IF(COUNTIFS($Q10:$BD10,"<=180")-COUNTIFS($Q10:$BD10,"<=120")=0,"",COUNTIFS($Q10:$BD10,"<=180")-COUNTIFS($Q10:$BD10,"<=120")),"") | L10: =IF(COUNTIFS($Q10:$BD10,"<=120")>0,IF(COUNTIFS($Q10:$BD10,"<=120")-COUNTIFS($Q10:$BD10,"<=90")=0,"",COUNTIFS($Q10:$BD10,"<=120")-COUNTIFS($Q10:$BD10,"<=90")),"") | M10: =IF(COUNTIFS($Q10:$BD10,"<=90")>0,IF(COUNTIFS($Q10:$BD10,"<=90")-COUNTIFS($Q10:$BD10,"<=60")=0,"",COUNTIFS($Q10:$BD10,"<=90")-COUNTIFS($Q10:$BD10,"<=60")),"") | N10: =IF(COUNTIFS($Q10:$BD10,"<=60")>0,IF(COUNTIFS($Q10:$BD10,"<=60")-COUNTIFS($Q10:$BD10,"<=30")=0,"",COUNTIFS($Q10:$BD10,"<=60")-COUNTIFS($Q10:$BD10,"<=30")),"") | O10: =IF(COUNTIFS($Q10:$BD10,"<=30")>0,IF(COUNTIFS($Q10:$BD10,"<=30")-COUNTIFS($Q10:$BD10,"<=0")=0,"",COUNTIFS($Q10:$BD10,"<=30")-COUNTIFS($Q10:$BD10,"<=0")),"") | P10: =IF(COUNTIFS($Q10:$BD10,"<=0")=0,"",COUNTIFS($Q10:$BD10,"<=0")) | Q10: =IF($S$2>0,IF(BG10="","",BG10),"") -> #VALUE! | R10: =IF($S$2>1,IF(BJ10="","",BJ10),"") | S10: =IF($S$2>2,IF(BM10="","",BM10),"") | T10: =IF($S$2>3,IF(BP10="","",BP10),"") | U10: =IF($S$2>4,IF(BS10="","",BS10),"") | V10: =IF($S$2>5,IF(BV10="","",BV10),"") | W10: =IF($S$2>6,IF(BY10="","",BY10),"") | X10: =IF($S$2>7,IF(CB10="","",CB10),"") | Y10: =IF($S$2>8,IF(CE10="","",CE10),"") | Z10: =IF($S$2>9,IF(CH10="","",CH10),"") | AA10: =IF($S$2>10,IF(CK10="","",CK10),"") | AB10: =IF($S$2>11,IF(CN10="","",CN10),"") | AC10: =IF($S$2>12,IF(CQ10="","",CQ10),"") | AD10: =IF($S$2>13,IF(CT10="","",CT10),"") | AE10: =IF($S$2>14,IF(CW10="","",CW10),"") | AF10: =IF($S$2>15,IF(CZ10="","",CZ10),"") | AG10: =IF($S$2>16,IF(DC10="","",DC10),"") | AH10: =IF($S$2>17,IF(DF10="","",DF10),"") | AI10: =IF($S$2>18,IF(DI10 = "","",DI10),"") | AJ10: =IF($S$2>19,IF(DL10="","",DL10),"") | AK10: =IF($S$2>20,IF(DO10="","",DO10),"") | AL10: =IF($S$2>21,IF(DR10="","",DR10),"") | AM10: =IF($S$2>22,IF(DU10="","",DU10),"") | AN10: =IF($S$2>23,IF(DX10="","",DX10),"") | AO10: =IF($S$2>24,IF(EA10="","",EA10),"") | AP10: =IF($S$2>25,IF(ED10="","",ED10),"") | AQ10: =IF($S$2>26,IF(EG10="","",EG10),"") | AR10: =IF($S$2>27,IF(EJ10="","",EJ10),"") | AS10: =IF($S$2>28,IF(EM10="","",EM10),"") | AT10: =IF($S$2>29,IF(EP10 = "", "", EP10),"") | AU10: =IF($S$2>30,IF(ES10="","",ES10),"") | AV10: =IF($S$2>31,IF(EV10="","",EV10),"") | AW10: =IF($S$2>32,IF(EY10="","",EY10),"") | AX10: =IF($S$2>33,IF(FB10="","",FB10),"") | AY10: =IF($S$2>34,IF(FE10="","",FE10),"") | AZ10: =IF($S$2>35,IF(FH10="","",FH10),"") | BA10: =IF($S$2>36,IF(FK10="","",FK10),"") | BB10: =IF($S$2>37,IF(FN10="","",FN10),"") | BC10: =IF($S$2>38,IF(FQ10="","",FQ10),"") | BD10: =IF($S$2>39,IF(FT10="","",FT10),"") | BE10: =IF($S$2>40,IF(FW10="","",FW10),"") | BF10: 44938 | BG10: =IF(BH10="","",_xlfn.DAYS(BH10,$Q$2)) -> #VALUE! | BH10: =IF(BF10="","",BF10+($G10*365)) -> #VALUE! | BJ10: =IF(BK10="","",_xlfn.DAYS(BK10,$Q$2)) | BK10: =IF(BI10="","",BI10+($G10*365)) | BM10: =IF(BN10="","",_xlfn.DAYS(BN10,$Q$2)) | BN10: =IF(BL10="","",BL10+($G10*365)) | BP10: =IF(BQ10="","",_xlfn.DAYS(BQ10,$Q$2)) | BQ10: =IF(BO10="","",BO10+($G10*365)) | BS10: =IF(BT10="","",_xlfn.DAYS(BT10,$Q$2)) | BT10: =IF(BR10="","",BR10+($G10*365)) | BV10: =IF(BW10="","",_xlfn.DAYS(BW10,$Q$2)) | BW10: =IF(BU10="","",BU10+($G10*365)) | BY10: =IF(BZ10="","",_xlfn.DAYS(BZ10,$Q$2)) | BZ10: =IF(BX10="","",BX10+($G10*365)) | CB10: =IF(CC10="","",_xlfn.DAYS(CC10,$Q$2)) | CC10: =IF(CA10="","",CA10+($G10*365)) | CE10: =IF(CF10="","",_xlfn.DAYS(CF10,$Q$2)) | CF10: =IF(CD10="","",CD10+($G10*365)) | CH10: =IF(CI10="","",_xlfn.DAYS(CI10,$Q$2)) | CI10: =IF(CG10="","",CG10+($G10*365)) | CK10: =IF(CL10="","",_xlfn.DAYS(CL10,$Q$2)) | CL10: =IF(CJ10="","",CJ10+($G10*365)) | CN10: =IF(CO10="","",_xlfn.DAYS(CO10,$Q$2)) | CO10: =IF(CM10="","",CM10+($G10*365)) | CQ10: =IF(CR10="","",_xlfn.DAYS(CR10,$Q$2)) | CR10: =IF(CP10="","",CP10+($G10*365)) | CT10: =IF(CU10="","",_xlfn.DAYS(CU10,$Q$2)) | CU10: =IF(CS10="","",CS10+($G10*365)) | CW10: =IF(CX10="","",_xlfn.DAYS(CX10,$Q$2)) | CX10: =IF(CV10="","",CV10+($G10*365)) | CZ10: =IF(DA10="","",_xlfn.DAYS(DA10,$Q$2)) | DA10: =IF(CY10="","",CY10+($G10*365)) | DC10: =IF(DD10="","",_xlfn.DAYS(DD10,$Q$2)) | DD10: =IF(DB10="","",DB10+($G10*365)) | DF10: =IF(DG10="","",_xlfn.DAYS(DG10,$Q$2)) | DG10: =IF(DE10="","",DE10+($G10*365)) | DI10: =IF(DJ10="","",_xlfn.DAYS(DJ10,$Q$2)) | DJ10: =IF(DH10="","",DH10+($G10*365)) | DL10: =IF(DM10="","",_xlfn.DAYS(DM10,$Q$2)) | DM10: =IF(DK10="","",DK10+($G10*365)) | DO10: =IF(DP10="","",_xlfn.DAYS(DP10,$Q$2)) | DP10: =IF(DN10="","",DN10+($G10*365)) | DR10: =IF(DS10="","",_xlfn.DAYS(DS10,$Q$2)) | DS10: =IF(DQ10="","",DQ10+($G10*365)) | DU10: =IF(DV10="","",_xlfn.DAYS(DV10,$Q$2)) | DV10: =IF(DT10="","",DT10+($G10*365)) | DX10: =IF(DY10="","",_xlfn.DAYS(DY10,$Q$2)) | DY10: =IF(DW10="","",DW10+($G10*365)) | EA10: =IF(EB10="","",_xlfn.DAYS(EB10,$Q$2)) | EB10: =IF(DZ10="","",DZ10+($G10*365)) | ED10: =IF(EE10="","",_xlfn.DAYS(EE10,$Q$2)) | EE10: =IF(EC10="","",EC10+($G10*365)) | EG10: =IF(EH10="","",_xlfn.DAYS(EH10,$Q$2)) | EH10: =IF(EF10="","",EF10+($G10*365)) | EJ10: =IF(EK10="","",_xlfn.DAYS(EK10,$Q$2)) | EK10: =IF(EI10="","",EI10+($G10*365)) | EM10: =IF(EN10="","",_xlfn.DAYS(EN10,$Q$2)) | EN10: =IF(EL10="","",EL10+($G10*365)) | EP10: =IF(EQ10="","",_xlfn.DAYS(EQ10,$Q$2)) | EQ10: =IF(EO10="","",EO10+($G10*365)) | ES10: =IF(ET10="","",_xlfn.DAYS(ET10,$Q$2)) | ET10: =IF(ER10="","",ER10+($G10*365)) | EV10: =IF(EW10="","",_xlfn.DAYS(EW10,$Q$2)) | EW10: =IF(EU10="","",EU10+($G10*365)) | EY10: =IF(EZ10="","",_xlfn.DAYS(EZ10,$Q$2)) | EZ10: =IF(EX10="","",EX10+($G10*365)) | FB10: =IF(FC10="","",_xlfn.DAYS(FC10,$Q$2)) | FC10: =IF(FA10="","",FA10+($G10*365)) | FE10: =IF(FF10="","",_xlfn.DAYS(FF10,$Q$2)) | FF10: =IF(FD10="","",FD10+($G10*365)) | FH10: =IF(FI10="","",_xlfn.DAYS(FI10,$Q$2)) | FI10: =IF(FG10="","",FG10+($G10*365)) | FK10: =IF(FL10="","",_xlfn.DAYS(FL10,$Q$2)) | FL10: =IF(FJ10="","",FJ10+($G10*365)) | FN10: =IF(FO10="","",_xlfn.DAYS(FO10,$Q$2)) | FO10: =IF(FM10="","",FM10+($G10*365)) | FQ10: =IF(FR10="","",_xlfn.DAYS(FR10,$Q$2)) | FR10: =IF(FP10 = "", "",FP10+($G10*365)) | FT10: =IF(FU10="","",_xlfn.DAYS(FU10,$Q$2)) | FU10: =IF(FS10="","",FS10+($G10*365))
A11: =IF(E11="","",E11*$GA$7) -> 3 | B11: P007732-001 | C11: 565 | D11: =IF(A11="","",A11*C11) -> 1695 | E11: 3 | F11: RHEL7 - 6/30/24 RHEL8 - 5/31/29 RHEL9 - 10/31/32 | G11: 1 | H11: Subscription - Red Hat Enterprise Linux Server Standard | I11: =IF(COUNTIFS($Q11:$BD11,">270")=0,"",COUNTIFS($Q11:$BD11,">270")) | J11: =IF(COUNTIFS($Q11:$BD11,"<=270")>0,IF(COUNTIFS($Q11:$BD11,"<=270")-COUNTIFS($Q11:$BD11,"<=180")=0,"",COUNTIFS($Q11:$BD11,"<=270")-COUNTIFS($Q11:$BD11,"<=180")),"") | K11: =IF(COUNTIFS($Q11:$BD11,"<=180")>0,IF(COUNTIFS($Q11:$BD11,"<=180")-COUNTIFS($Q11:$BD11,"<=120")=0,"",COUNTIFS($Q11:$BD11,"<=180")-COUNTIFS($Q11:$BD11,"<=120")),"") | L11: =IF(COUNTIFS($Q11:$BD11,"<=120")>0,IF(COUNTIFS($Q11:$BD11,"<=120")-COUNTIFS($Q11:$BD11,"<=90")=0,"",COUNTIFS($Q11:$BD11,"<=120")-COUNTIFS($Q11:$BD11,"<=90")),"") | M11: =IF(COUNTIFS($Q11:$BD11,"<=90")>0,IF(COUNTIFS($Q11:$BD11,"<=90")-COUNTIFS($Q11:$BD11,"<=60")=0,"",COUNTIFS($Q11:$BD11,"<=90")-COUNTIFS($Q11:$BD11,"<=60")),"") | N11: =IF(COUNTIFS($Q11:$BD11,"<=60")>0,IF(COUNTIFS($Q11:$BD11,"<=60")-COUNTIFS($Q11:$BD11,"<=30")=0,"",COUNTIFS($Q11:$BD11,"<=60")-COUNTIFS($Q11:$BD11,"<=30")),"") | O11: =IF(COUNTIFS($Q11:$BD11,"<=30")>0,IF(COUNTIFS($Q11:$BD11,"<=30")-COUNTIFS($Q11:$BD11,"<=0")=0,"",COUNTIFS($Q11:$BD11,"<=30")-COUNTIFS($Q11:$BD11,"<=0")),"") | P11: =IF(COUNTIFS($Q11:$BD11,"<=0")=0,"",COUNTIFS($Q11:$BD11,"<=0")) -> 1 | Q11: =IF($S$2>0,IF(BG11="","",BG11),"") -> -7 | R11: =IF($S$2>1,IF(BJ11="","",BJ11),"") | S11: =IF($S$2>2,IF(BM11="","",BM11),"") | T11: =IF($S$2>3,IF(BP11="","",BP11),"") | U11: =IF($S$2>4,IF(BS11="","",BS11),"") | V11: =IF($S$2>5,IF(BV11="","",BV11),"") | W11: =IF($S$2>6,IF(BY11="","",BY11),"") | X11: =IF($S$2>7,IF(CB11="","",CB11),"") | Y11: =IF($S$2>8,IF(CE11="","",CE11),"") | Z11: =IF($S$2>9,IF(CH11="","",CH11),"") | AA11: =IF($S$2>10,IF(CK11="","",CK11),"") | AB11: =IF($S$2>11,IF(CN11="","",CN11),"") | AC11: =IF($S$2>12,IF(CQ11="","",CQ11),"") | AD11: =IF($S$2>13,IF(CT11="","",CT11),"") | AE11: =IF($S$2>14,IF(CW11="","",CW11),"") | AF11: =IF($S$2>15,IF(CZ11="","",CZ11),"") | AG11: =IF($S$2>16,IF(DC11="","",DC11),"") | AH11: =IF($S$2>17,IF(DF11="","",DF11),"") | AI11: =IF($S$2>18,IF(DI11 = "","",DI11),"") | AJ11: =IF($S$2>19,IF(DL11="","",DL11),"") | AK11: =IF($S$2>20,IF(DO11="","",DO11),"") | AL11: =IF($S$2>21,IF(DR11="","",DR11),"") | AM11: =IF($S$2>22,IF(DU11="","",DU11),"") | AN11: =IF($S$2>23,IF(DX11="","",DX11),"") | AO11: =IF($S$2>24,IF(EA11="","",EA11),"") | AP11: =IF($S$2>25,IF(ED11="","",ED11),"") | AQ11: =IF($S$2>26,IF(EG11="","",EG11),"") | AR11: =IF($S$2>27,IF(EJ11="","",EJ11),"") | AS11: =IF($S$2>28,IF(EM11="","",EM11),"") | AT11: =IF($S$2>29,IF(EP11 = "", "", EP11),"") | AU11: =IF($S$2>30,IF(ES11="","",ES11),"") | AV11: =IF($S$2>31,IF(EV11="","",EV11),"") | AW11: =IF($S$2>32,IF(EY11="","",EY11),"") | AX11: =IF($S$2>33,IF(FB11="","",FB11),"") | AY11: =IF($S$2>34,IF(FE11="","",FE11),"") | AZ11: =IF($S$2>35,IF(FH11="","",FH11),"") | BA11: =IF($S$2>36,IF(FK11="","",FK11),"") | BB11: =IF($S$2>37,IF(FN11="","",FN11),"") | BC11: =IF($S$2>38,IF(FQ11="","",FQ11),"") | BD11: =IF($S$2>39,IF(FT11="","",FT11),"") | BE11: =IF($S$2>40,IF(FW11="","",FW11),"") | BF11: 45559 | BG11: =IF(BH11="","",_xlfn.DAYS(BH11,$Q$2)) -> -7 | BH11: =IF(BF11="","",BF11+($G11*365)) -> 45924 | BJ11: =IF(BK11="","",_xlfn.DAYS(BK11,$Q$2)) | BK11: =IF(BI11="","",BI11+($G11*365)) | BM11: =IF(BN11="","",_xlfn.DAYS(BN11,$Q$2)) | BN11: =IF(BL11="","",BL11+($G11*365)) | BP11: =IF(BQ11="","",_xlfn.DAYS(BQ11,$Q$2)) | BQ11: =IF(BO11="","",BO11+($G11*365)) | BS11: =IF(BT11="","",_xlfn.DAYS(BT11,$Q$2)) | BT11: =IF(BR11="","",BR11+($G11*365)) | BV11: =IF(BW11="","",_xlfn.DAYS(BW11,$Q$2)) | BW11: =IF(BU11="","",BU11+($G11*365)) | BY11: =IF(BZ11="","",_xlfn.DAYS(BZ11,$Q$2)) | BZ11: =IF(BX11="","",BX11+($G11*365)) | CB11: =IF(CC11="","",_xlfn.DAYS(CC11,$Q$2)) | CC11: =IF(CA11="","",CA11+($G11*365)) | CE11: =IF(CF11="","",_xlfn.DAYS(CF11,$Q$2)) | CF11: =IF(CD11="","",CD11+($G11*365)) | CH11: =IF(CI11="","",_xlfn.DAYS(CI11,$Q$2)) | CI11: =IF(CG11="","",CG11+($G11*365)) | CK11: =IF(CL11="","",_xlfn.DAYS(CL11,$Q$2)) | CL11: =IF(CJ11="","",CJ11+($G11*365)) | CN11: =IF(CO11="","",_xlfn.DAYS(CO11,$Q$2)) | CO11: =IF(CM11="","",CM11+($G11*365)) | CQ11: =IF(CR11="","",_xlfn.DAYS(CR11,$Q$2)) | CR11: =IF(CP11="","",CP11+($G11*365)) | CT11: =IF(CU11="","",_xlfn.DAYS(CU11,$Q$2)) | CU11: =IF(CS11="","",CS11+($G11*365)) | CW11: =IF(CX11="","",_xlfn.DAYS(CX11,$Q$2)) | CX11: =IF(CV11="","",CV11+($G11*365)) | CZ11: =IF(DA11="","",_xlfn.DAYS(DA11,$Q$2)) | DA11: =IF(CY11="","",CY11+($G11*365)) | DC11: =IF(DD11="","",_xlfn.DAYS(DD11,$Q$2)) | DD11: =IF(DB11="","",DB11+($G11*365)) | DF11: =IF(DG11="","",_xlfn.DAYS(DG11,$Q$2)) | DG11: =IF(DE11="","",DE11+($G11*365)) | DI11: =IF(DJ11="","",_xlfn.DAYS(DJ11,$Q$2)) | DJ11: =IF(DH11="","",DH11+($G11*365)) | DL11: =IF(DM11="","",_xlfn.DAYS(DM11,$Q$2)) | DM11: =IF(DK11="","",DK11+($G11*365)) | DO11: =IF(DP11="","",_xlfn.DAYS(DP11,$Q$2)) | DP11: =IF(DN11="","",DN11+($G11*365)) | DR11: =IF(DS11="","",_xlfn.DAYS(DS11,$Q$2)) | DS11: =IF(DQ11="","",DQ11+($G11*365)) | DU11: =IF(DV11="","",_xlfn.DAYS(DV11,$Q$2)) | DV11: =IF(DT11="","",DT11+($G11*365)) | DX11: =IF(DY11="","",_xlfn.DAYS(DY11,$Q$2)) | DY11: =IF(DW11="","",DW11+($G11*365)) | EA11: =IF(EB11="","",_xlfn.DAYS(EB11,$Q$2)) | EB11: =IF(DZ11="","",DZ11+($G11*365)) | ED11: =IF(EE11="","",_xlfn.DAYS(EE11,$Q$2)) | EE11: =IF(EC11="","",EC11+($G11*365)) | EG11: =IF(EH11="","",_xlfn.DAYS(EH11,$Q$2)) | EH11: =IF(EF11="","",EF11+($G11*365)) | EJ11: =IF(EK11="","",_xlfn.DAYS(EK11,$Q$2)) | EK11: =IF(EI11="","",EI11+($G11*365)) | EM11: =IF(EN11="","",_xlfn.DAYS(EN11,$Q$2)) | EN11: =IF(EL11="","",EL11+($G11*365)) | EP11: =IF(EQ11="","",_xlfn.DAYS(EQ11,$Q$2)) | EQ11: =IF(EO11="","",EO11+($G11*365)) | ES11: =IF(ET11="","",_xlfn.DAYS(ET11,$Q$2)) | ET11: =IF(ER11="","",ER11+($G11*365)) | EV11: =IF(EW11="","",_xlfn.DAYS(EW11,$Q$2)) | EW11: =IF(EU11="","",EU11+($G11*365)) | EY11: =IF(EZ11="","",_xlfn.DAYS(EZ11,$Q$2)) | EZ11: =IF(EX11="","",EX11+($G11*365)) | FB11: =IF(FC11="","",_xlfn.DAYS(FC11,$Q$2)) | FC11: =IF(FA11="","",FA11+($G11*365)) | FE11: =IF(FF11="","",_xlfn.DAYS(FF11,$Q$2)) | FF11: =IF(FD11="","",FD11+($G11*365)) | FH11: =IF(FI11="","",_xlfn.DAYS(FI11,$Q$2)) | FI11: =IF(FG11="","",FG11+($G11*365)) | FK11: =IF(FL11="","",_xlfn.DAYS(FL11,$Q$2)) | FL11: =IF(FJ11="","",FJ11+($G11*365)) | FN11: =IF(FO11="","",_xlfn.DAYS(FO11,$Q$2)) | FO11: =IF(FM11="","",FM11+($G11*365)) | FQ11: =IF(FR11="","",_xlfn.DAYS(FR11,$Q$2)) | FR11: =IF(FP11 = "", "",FP11+($G11*365)) | FT11: =IF(FU11="","",_xlfn.DAYS(FU11,$Q$2)) | FU11: =IF(FS11="","",FS11+($G11*365)) | FV11: Contract #: 17175003
A12: =IF(E12="","",E12*$GA$7) -> 3 | B12: P011098-001 | C12: 318 | D12: =IF(A12="","",A12*C12) -> 954 | E12: 3 | G12: N/A | H12: Software Maintenance - Extended Life Cycle Support (ELS) Red Hat | I12: =IF(COUNTIFS($Q12:$BD12,">270")=0,"",COUNTIFS($Q12:$BD12,">270")) | J12: =IF(COUNTIFS($Q12:$BD12,"<=270")>0,IF(COUNTIFS($Q12:$BD12,"<=270")-COUNTIFS($Q12:$BD12,"<=180")=0,"",COUNTIFS($Q12:$BD12,"<=270")-COUNTIFS($Q12:$BD12,"<=180")),"") | K12: =IF(COUNTIFS($Q12:$BD12,"<=180")>0,IF(COUNTIFS($Q12:$BD12,"<=180")-COUNTIFS($Q12:$BD12,"<=120")=0,"",COUNTIFS($Q12:$BD12,"<=180")-COUNTIFS($Q12:$BD12,"<=120")),"") | L12: =IF(COUNTIFS($Q12:$BD12,"<=120")>0,IF(COUNTIFS($Q12:$BD12,"<=120")-COUNTIFS($Q12:$BD12,"<=90")=0,"",COUNTIFS($Q12:$BD12,"<=120")-COUNTIFS($Q12:$BD12,"<=90")),"") | M12: =IF(COUNTIFS($Q12:$BD12,"<=90")>0,IF(COUNTIFS($Q12:$BD12,"<=90")-COUNTIFS($Q12:$BD12,"<=60")=0,"",COUNTIFS($Q12:$BD12,"<=90")-COUNTIFS($Q12:$BD12,"<=60")),"") | N12: =IF(COUNTIFS($Q12:$BD12,"<=60")>0,IF(COUNTIFS($Q12:$BD12,"<=60")-COUNTIFS($Q12:$BD12,"<=30")=0,"",COUNTIFS($Q12:$BD12,"<=60")-COUNTIFS($Q12:$BD12,"<=30")),"") | O12: =IF(COUNTIFS($Q12:$BD12,"<=30")>0,IF(COUNTIFS($Q12:$BD12,"<=30")-COUNTIFS($Q12:$BD12,"<=0")=0,"",COUNTIFS($Q12:$BD12,"<=30")-COUNTIFS($Q12:$BD12,"<=0")),"") | P12: =IF(COUNTIFS($Q12:$BD12,"<=0")=0,"",COUNTIFS($Q12:$BD12,"<=0")) | Q12: =IF($S$2>0,IF(BG12="","",BG12),"") -> #VALUE! | R12: =IF($S$2>1,IF(BJ12="","",BJ12),"") | S12: =IF($S$2>2,IF(BM12="","",BM12),"") | T12: =IF($S$2>3,IF(BP12="","",BP12),"") | U12: =IF($S$2>4,IF(BS12="","",BS12),"") | V12: =IF($S$2>5,IF(BV12="","",BV12),"") | W12: =IF($S$2>6,IF(BY12="","",BY12),"") | X12: =IF($S$2>7,IF(CB12="","",CB12),"") | Y12: =IF($S$2>8,IF(CE12="","",CE12),"") | Z12: =IF($S$2>9,IF(CH12="","",CH12),"") | AA12: =IF($S$2>10,IF(CK12="","",CK12),"") | AB12: =IF($S$2>11,IF(CN12="","",CN12),"") | AC12: =IF($S$2>12,IF(CQ12="","",CQ12),"") | AD12: =IF($S$2>13,IF(CT12="","",CT12),"") | AE12: =IF($S$2>14,IF(CW12="","",CW12),"") | AF12: =IF($S$2>15,IF(CZ12="","",CZ12),"") | AG12: =IF($S$2>16,IF(DC12="","",DC12),"") | AH12: =IF($S$2>17,IF(DF12="","",DF12),"") | AI12: =IF($S$2>18,IF(DI12 = "","",DI12),"") | AJ12: =IF($S$2>19,IF(DL12="","",DL12),"") | AK12: =IF($S$2>20,IF(DO12="","",DO12),"") | AL12: =IF($S$2>21,IF(DR12="","",DR12),"") | AM12: =IF($S$2>22,IF(DU12="","",DU12),"") | AN12: =IF($S$2>23,IF(DX12="","",DX12),"") | AO12: =IF($S$2>24,IF(EA12="","",EA12),"") | AP12: =IF($S$2>25,IF(ED12="","",ED12),"") | AQ12: =IF($S$2>26,IF(EG12="","",EG12),"") | AR12: =IF($S$2>27,IF(EJ12="","",EJ12),"") | AS12: =IF($S$2>28,IF(EM12="","",EM12),"") | AT12: =IF($S$2>29,IF(EP12 = "", "", EP12),"") | AU12: =IF($S$2>30,IF(ES12="","",ES12),"") | AV12: =IF($S$2>31,IF(EV12="","",EV12),"") | AW12: =IF($S$2>32,IF(EY12="","",EY12),"") | AX12: =IF($S$2>33,IF(FB12="","",FB12),"") | AY12: =IF($S$2>34,IF(FE12="","",FE12),"") | AZ12: =IF($S$2>35,IF(FH12="","",FH12),"") | BA12: =IF($S$2>36,IF(FK12="","",FK12),"") | BB12: =IF($S$2>37,IF(FN12="","",FN12),"") | BC12: =IF($S$2>38,IF(FQ12="","",FQ12),"") | BD12: =IF($S$2>39,IF(FT12="","",FT12),"") | BE12: =IF($S$2>40,IF(FW12="","",FW12),"") | BF12: 45468 | BG12: =IF(BH12="","",_xlfn.DAYS(BH12,$Q$2)) -> #VALUE! | BH12: =IF(BF12="","",BF12+($G12*365)) -> #VALUE! | BJ12: =IF(BK12="","",_xlfn.DAYS(BK12,$Q$2)) | BK12: =IF(BI12="","",BI12+($G12*365)) | BM12: =IF(BN12="","",_xlfn.DAYS(BN12,$Q$2)) | BN12: =IF(BL12="","",BL12+($G12*365)) | BP12: =IF(BQ12="","",_xlfn.DAYS(BQ12,$Q$2)) | BQ12: =IF(BO12="","",BO12+($G12*365)) | BS12: =IF(BT12="","",_xlfn.DAYS(BT12,$Q$2)) | BT12: =IF(BR12="","",BR12+($G12*365)) | BV12: =IF(BW12="","",_xlfn.DAYS(BW12,$Q$2)) | BW12: =IF(BU12="","",BU12+($G12*365)) | BY12: =IF(BZ12="","",_xlfn.DAYS(BZ12,$Q$2)) | BZ12: =IF(BX12="","",BX12+($G12*365)) | CB12: =IF(CC12="","",_xlfn.DAYS(CC12,$Q$2)) | CC12: =IF(CA12="","",CA12+($G12*365)) | CE12: =IF(CF12="","",_xlfn.DAYS(CF12,$Q$2)) | CF12: =IF(CD12="","",CD12+($G12*365)) | CH12: =IF(CI12="","",_xlfn.DAYS(CI12,$Q$2)) | CI12: =IF(CG12="","",CG12+($G12*365)) | CK12: =IF(CL12="","",_xlfn.DAYS(CL12,$Q$2)) | CL12: =IF(CJ12="","",CJ12+($G12*365)) | CN12: =IF(CO12="","",_xlfn.DAYS(CO12,$Q$2)) | CO12: =IF(CM12="","",CM12+($G12*365)) | CQ12: =IF(CR12="","",_xlfn.DAYS(CR12,$Q$2)) | CR12: =IF(CP12="","",CP12+($G12*365)) | CT12: =IF(CU12="","",_xlfn.DAYS(CU12,$Q$2)) | CU12: =IF(CS12="","",CS12+($G12*365)) | CW12: =IF(CX12="","",_xlfn.DAYS(CX12,$Q$2)) | CX12: =IF(CV12="","",CV12+($G12*365)) | CZ12: =IF(DA12="","",_xlfn.DAYS(DA12,$Q$2)) | DA12: =IF(CY12="","",CY12+($G12*365)) | DC12: =IF(DD12="","",_xlfn.DAYS(DD12,$Q$2)) | DD12: =IF(DB12="","",DB12+($G12*365)) | DF12: =IF(DG12="","",_xlfn.DAYS(DG12,$Q$2)) | DG12: =IF(DE12="","",DE12+($G12*365)) | DI12: =IF(DJ12="","",_xlfn.DAYS(DJ12,$Q$2)) | DJ12: =IF(DH12="","",DH12+($G12*365)) | DL12: =IF(DM12="","",_xlfn.DAYS(DM12,$Q$2)) | DM12: =IF(DK12="","",DK12+($G12*365)) | DO12: =IF(DP12="","",_xlfn.DAYS(DP12,$Q$2)) | DP12: =IF(DN12="","",DN12+($G12*365)) | DR12: =IF(DS12="","",_xlfn.DAYS(DS12,$Q$2)) | DS12: =IF(DQ12="","",DQ12+($G12*365)) | DU12: =IF(DV12="","",_xlfn.DAYS(DV12,$Q$2)) | DV12: =IF(DT12="","",DT12+($G12*365)) | DX12: =IF(DY12="","",_xlfn.DAYS(DY12,$Q$2)) | DY12: =IF(DW12="","",DW12+($G12*365)) | EA12: =IF(EB12="","",_xlfn.DAYS(EB12,$Q$2)) | EB12: =IF(DZ12="","",DZ12+($G12*365)) | ED12: =IF(EE12="","",_xlfn.DAYS(EE12,$Q$2)) | EE12: =IF(EC12="","",EC12+($G12*365)) | EG12: =IF(EH12="","",_xlfn.DAYS(EH12,$Q$2)) | EH12: =IF(EF12="","",EF12+($G12*365)) | EJ12: =IF(EK12="","",_xlfn.DAYS(EK12,$Q$2)) | EK12: =IF(EI12="","",EI12+($G12*365)) | EM12: =IF(EN12="","",_xlfn.DAYS(EN12,$Q$2)) | EN12: =IF(EL12="","",EL12+($G12*365)) | EP12: =IF(EQ12="","",_xlfn.DAYS(EQ12,$Q$2)) | EQ12: =IF(EO12="","",EO12+($G12*365)) | ES12: =IF(ET12="","",_xlfn.DAYS(ET12,$Q$2)) | ET12: =IF(ER12="","",ER12+($G12*365)) | EV12: =IF(EW12="","",_xlfn.DAYS(EW12,$Q$2)) | EW12: =IF(EU12="","",EU12+($G12*365)) | EY12: =IF(EZ12="","",_xlfn.DAYS(EZ12,$Q$2)) | EZ12: =IF(EX12="","",EX12+($G12*365)) | FB12: =IF(FC12="","",_xlfn.DAYS(FC12,$Q$2)) | FC12: =IF(FA12="","",FA12+($G12*365)) | FE12: =IF(FF12="","",_xlfn.DAYS(FF12,$Q$2)) | FF12: =IF(FD12="","",FD12+($G12*365)) | FH12: =IF(FI12="","",_xlfn.DAYS(FI12,$Q$2)) | FI12: =IF(FG12="","",FG12+($G12*365)) | FK12: =IF(FL12="","",_xlfn.DAYS(FL12,$Q$2)) | FL12: =IF(FJ12="","",FJ12+($G12*365)) | FN12: =IF(FO12="","",_xlfn.DAYS(FO12,$Q$2)) | FO12: =IF(FM12="","",FM12+($G12*365)) | FQ12: =IF(FR12="","",_xlfn.DAYS(FR12,$Q$2)) | FR12: =IF(FP12 = "", "",FP12+($G12*365)) | FT12: =IF(FU12="","",_xlfn.DAYS(FU12,$Q$2)) | FU12: =IF(FS12="","",FS12+($G12*365))
A13: =IF(E13="","",E13*$GA$7) -> 1 | B13: P011006-001 | C13: 0 | D13: =IF(A13="","",A13*C13) -> 0 | E13: 1 | G13: N/A | H13: SharePointSvr ALNG LicSAPk MVL | I13: =IF(COUNTIFS($Q13:$BD13,">270")=0,"",COUNTIFS($Q13:$BD13,">270")) | J13: =IF(COUNTIFS($Q13:$BD13,"<=270")>0,IF(COUNTIFS($Q13:$BD13,"<=270")-COUNTIFS($Q13:$BD13,"<=180")=0,"",COUNTIFS($Q13:$BD13,"<=270")-COUNTIFS($Q13:$BD13,"<=180")),"") | K13: =IF(COUNTIFS($Q13:$BD13,"<=180")>0,IF(COUNTIFS($Q13:$BD13,"<=180")-COUNTIFS($Q13:$BD13,"<=120")=0,"",COUNTIFS($Q13:$BD13,"<=180")-COUNTIFS($Q13:$BD13,"<=120")),"") | L13: =IF(COUNTIFS($Q13:$BD13,"<=120")>0,IF(COUNTIFS($Q13:$BD13,"<=120")-COUNTIFS($Q13:$BD13,"<=90")=0,"",COUNTIFS($Q13:$BD13,"<=120")-COUNTIFS($Q13:$BD13,"<=90")),"") | M13: =IF(COUNTIFS($Q13:$BD13,"<=90")>0,IF(COUNTIFS($Q13:$BD13,"<=90")-COUNTIFS($Q13:$BD13,"<=60")=0,"",COUNTIFS($Q13:$BD13,"<=90")-COUNTIFS($Q13:$BD13,"<=60")),"") | N13: =IF(COUNTIFS($Q13:$BD13,"<=60")>0,IF(COUNTIFS($Q13:$BD13,"<=60")-COUNTIFS($Q13:$BD13,"<=30")=0,"",COUNTIFS($Q13:$BD13,"<=60")-COUNTIFS($Q13:$BD13,"<=30")),"") | O13: =IF(COUNTIFS($Q13:$BD13,"<=30")>0,IF(COUNTIFS($Q13:$BD13,"<=30")-COUNTIFS($Q13:$BD13,"<=0")=0,"",COUNTIFS($Q13:$BD13,"<=30")-COUNTIFS($Q13:$BD13,"<=0")),"") | P13: =IF(COUNTIFS($Q13:$BD13,"<=0")=0,"",COUNTIFS($Q13:$BD13,"<=0")) | Q13: =IF($S$2>0,IF(BG13="","",BG13),"") -> #VALUE! | R13: =IF($S$2>1,IF(BJ13="","",BJ13),"") | S13: =IF($S$2>2,IF(BM13="","",BM13),"") | T13: =IF($S$2>3,IF(BP13="","",BP13),"") | U13: =IF($S$2>4,IF(BS13="","",BS13),"") | V13: =IF($S$2>5,IF(BV13="","",BV13),"") | W13: =IF($S$2>6,IF(BY13="","",BY13),"") | X13: =IF($S$2>7,IF(CB13="","",CB13),"") | Y13: =IF($S$2>8,IF(CE13="","",CE13),"") | Z13: =IF($S$2>9,IF(CH13="","",CH13),"") | AA13: =IF($S$2>10,IF(CK13="","",CK13),"") | AB13: =IF($S$2>11,IF(CN13="","",CN13),"") | AC13: =IF($S$2>12,IF(CQ13="","",CQ13),"") | AD13: =IF($S$2>13,IF(CT13="","",CT13),"") | AE13: =IF($S$2>14,IF(CW13="","",CW13),"") | AF13: =IF($S$2>15,IF(CZ13="","",CZ13),"") | AG13: =IF($S$2>16,IF(DC13="","",DC13),"") | AH13: =IF($S$2>17,IF(DF13="","",DF13),"") | AI13: =IF($S$2>18,IF(DI13 = "","",DI13),"") | AJ13: =IF($S$2>19,IF(DL13="","",DL13),"") | AK13: =IF($S$2>20,IF(DO13="","",DO13),"") | AL13: =IF($S$2>21,IF(DR13="","",DR13),"") | AM13: =IF($S$2>22,IF(DU13="","",DU13),"") | AN13: =IF($S$2>23,IF(DX13="","",DX13),"") | AO13: =IF($S$2>24,IF(EA13="","",EA13),"") | AP13: =IF($S$2>25,IF(ED13="","",ED13),"") | AQ13: =IF($S$2>26,IF(EG13="","",EG13),"") | AR13: =IF($S$2>27,IF(EJ13="","",EJ13),"") | AS13: =IF($S$2>28,IF(EM13="","",EM13),"") | AT13: =IF($S$2>29,IF(EP13 = "", "", EP13),"") | AU13: =IF($S$2>30,IF(ES13="","",ES13),"") | AV13: =IF($S$2>31,IF(EV13="","",EV13),"") | AW13: =IF($S$2>32,IF(EY13="","",EY13),"") | AX13: =IF($S$2>33,IF(FB13="","",FB13),"") | AY13: =IF($S$2>34,IF(FE13="","",FE13),"") | AZ13: =IF($S$2>35,IF(FH13="","",FH13),"") | BA13: =IF($S$2>36,IF(FK13="","",FK13),"") | BB13: =IF($S$2>37,IF(FN13="","",FN13),"") | BC13: =IF($S$2>38,IF(FQ13="","",FQ13),"") | BD13: =IF($S$2>39,IF(FT13="","",FT13),"") | BE13: =IF($S$2>40,IF(FW13="","",FW13),"") | BF13: 45305 | BG13: =IF(BH13="","",_xlfn.DAYS(BH13,$Q$2)) -> #VALUE! | BH13: =IF(BF13="","",BF13+($G13*365)) -> #VALUE! | BJ13: =IF(BK13="","",_xlfn.DAYS(BK13,$Q$2)) | BK13: =IF(BI13="","",BI13+($G13*365)) | BM13: =IF(BN13="","",_xlfn.DAYS(BN13,$Q$2)) | BN13: =IF(BL13="","",BL13+($G13*365)) | BP13: =IF(BQ13="","",_xlfn.DAYS(BQ13,$Q$2)) | BQ13: =IF(BO13="","",BO13+($G13*365)) | BS13: =IF(BT13="","",_xlfn.DAYS(BT13,$Q$2)) | BT13: =IF(BR13="","",BR13+($G13*365)) | BV13: =IF(BW13="","",_xlfn.DAYS(BW13,$Q$2)) | BW13: =IF(BU13="","",BU13+($G13*365)) | BY13: =IF(BZ13="","",_xlfn.DAYS(BZ13,$Q$2)) | BZ13: =IF(BX13="","",BX13+($G13*365)) | CB13: =IF(CC13="","",_xlfn.DAYS(CC13,$Q$2)) | CC13: =IF(CA13="","",CA13+($G13*365)) | CE13: =IF(CF13="","",_xlfn.DAYS(CF13,$Q$2)) | CF13: =IF(CD13="","",CD13+($G13*365)) | CH13: =IF(CI13="","",_xlfn.DAYS(CI13,$Q$2)) | CI13: =IF(CG13="","",CG13+($G13*365)) | CK13: =IF(CL13="","",_xlfn.DAYS(CL13,$Q$2)) | CL13: =IF(CJ13="","",CJ13+($G13*365)) | CN13: =IF(CO13="","",_xlfn.DAYS(CO13,$Q$2)) | CO13: =IF(CM13="","",CM13+($G13*365)) | CQ13: =IF(CR13="","",_xlfn.DAYS(CR13,$Q$2)) | CR13: =IF(CP13="","",CP13+($G13*365)) | CT13: =IF(CU13="","",_xlfn.DAYS(CU13,$Q$2)) | CU13: =IF(CS13="","",CS13+($G13*365)) | CW13: =IF(CX13="","",_xlfn.DAYS(CX13,$Q$2)) | CX13: =IF(CV13="","",CV13+($G13*365)) | CZ13: =IF(DA13="","",_xlfn.DAYS(DA13,$Q$2)) | DA13: =IF(CY13="","",CY13+($G13*365)) | DC13: =IF(DD13="","",_xlfn.DAYS(DD13,$Q$2)) | DD13: =IF(DB13="","",DB13+($G13*365)) | DF13: =IF(DG13="","",_xlfn.DAYS(DG13,$Q$2)) | DG13: =IF(DE13="","",DE13+($G13*365)) | DI13: =IF(DJ13="","",_xlfn.DAYS(DJ13,$Q$2)) | DJ13: =IF(DH13="","",DH13+($G13*365)) | DL13: =IF(DM13="","",_xlfn.DAYS(DM13,$Q$2)) | DM13: =IF(DK13="","",DK13+($G13*365)) | DO13: =IF(DP13="","",_xlfn.DAYS(DP13,$Q$2)) | DP13: =IF(DN13="","",DN13+($G13*365)) | DR13: =IF(DS13="","",_xlfn.DAYS(DS13,$Q$2)) | DS13: =IF(DQ13="","",DQ13+($G13*365)) | DU13: =IF(DV13="","",_xlfn.DAYS(DV13,$Q$2)) | DV13: =IF(DT13="","",DT13+($G13*365)) | DX13: =IF(DY13="","",_xlfn.DAYS(DY13,$Q$2)) | DY13: =IF(DW13="","",DW13+($G13*365)) | EA13: =IF(EB13="","",_xlfn.DAYS(EB13,$Q$2)) | EB13: =IF(DZ13="","",DZ13+($G13*365)) | ED13: =IF(EE13="","",_xlfn.DAYS(EE13,$Q$2)) | EE13: =IF(EC13="","",EC13+($G13*365)) | EG13: =IF(EH13="","",_xlfn.DAYS(EH13,$Q$2)) | EH13: =IF(EF13="","",EF13+($G13*365)) | EJ13: =IF(EK13="","",_xlfn.DAYS(EK13,$Q$2)) | EK13: =IF(EI13="","",EI13+($G13*365)) | EM13: =IF(EN13="","",_xlfn.DAYS(EN13,$Q$2)) | EN13: =IF(EL13="","",EL13+($G13*365)) | EP13: =IF(EQ13="","",_xlfn.DAYS(EQ13,$Q$2)) | EQ13: =IF(EO13="","",EO13+($G13*365)) | ES13: =IF(ET13="","",_xlfn.DAYS(ET13,$Q$2)) | ET13: =IF(ER13="","",ER13+($G13*365)) | EV13: =IF(EW13="","",_xlfn.DAYS(EW13,$Q$2)) | EW13: =IF(EU13="","",EU13+($G13*365)) | EY13: =IF(EZ13="","",_xlfn.DAYS(EZ13,$Q$2)) | EZ13: =IF(EX13="","",EX13+($G13*365)) | FB13: =IF(FC13="","",_xlfn.DAYS(FC13,$Q$2)) | FC13: =IF(FA13="","",FA13+($G13*365)) | FE13: =IF(FF13="","",_xlfn.DAYS(FF13,$Q$2)) | FF13: =IF(FD13="","",FD13+($G13*365)) | FH13: =IF(FI13="","",_xlfn.DAYS(FI13,$Q$2)) | FI13: =IF(FG13="","",FG13+($G13*365)) | FK13: =IF(FL13="","",_xlfn.DAYS(FL13,$Q$2)) | FL13: =IF(FJ13="","",FJ13+($G13*365)) | FN13: =IF(FO13="","",_xlfn.DAYS(FO13,$Q$2)) | FO13: =IF(FM13="","",FM13+($G13*365)) | FQ13: =IF(FR13="","",_xlfn.DAYS(FR13,$Q$2)) | FR13: =IF(FP13 = "", "",FP13+($G13*365)) | FT13: =IF(FU13="","",_xlfn.DAYS(FU13,$Q$2)) | FU13: =IF(FS13="","",FS13+($G13*365))
A14: =IF(E14="","",E14*$GA$7) -> 4 | B14: 76M-01600 | C14: 3840 | D14: =IF(A14="","",A14*C14) -> 15360 | E14: 4 | F14: 2014 - 7/9/24 2016 - 7/14/26 2017 - 10/12/27 2019 - 1/8/30 2022 - 1/22/33 | G14: N/A | H14: SharePoint STD User CAL | I14: =IF(COUNTIFS($Q14:$BD14,">270")=0,"",COUNTIFS($Q14:$BD14,">270")) | J14: =IF(COUNTIFS($Q14:$BD14,"<=270")>0,IF(COUNTIFS($Q14:$BD14,"<=270")-COUNTIFS($Q14:$BD14,"<=180")=0,"",COUNTIFS($Q14:$BD14,"<=270")-COUNTIFS($Q14:$BD14,"<=180")),"") | K14: =IF(COUNTIFS($Q14:$BD14,"<=180")>0,IF(COUNTIFS($Q14:$BD14,"<=180")-COUNTIFS($Q14:$BD14,"<=120")=0,"",COUNTIFS($Q14:$BD14,"<=180")-COUNTIFS($Q14:$BD14,"<=120")),"") | L14: =IF(COUNTIFS($Q14:$BD14,"<=120")>0,IF(COUNTIFS($Q14:$BD14,"<=120")-COUNTIFS($Q14:$BD14,"<=90")=0,"",COUNTIFS($Q14:$BD14,"<=120")-COUNTIFS($Q14:$BD14,"<=90")),"") | M14: =IF(COUNTIFS($Q14:$BD14,"<=90")>0,IF(COUNTIFS($Q14:$BD14,"<=90")-COUNTIFS($Q14:$BD14,"<=60")=0,"",COUNTIFS($Q14:$BD14,"<=90")-COUNTIFS($Q14:$BD14,"<=60")),"") | N14: =IF(COUNTIFS($Q14:$BD14,"<=60")>0,IF(COUNTIFS($Q14:$BD14,"<=60")-COUNTIFS($Q14:$BD14,"<=30")=0,"",COUNTIFS($Q14:$BD14,"<=60")-COUNTIFS($Q14:$BD14,"<=30")),"") | O14: =IF(COUNTIFS($Q14:$BD14,"<=30")>0,IF(COUNTIFS($Q14:$BD14,"<=30")-COUNTIFS($Q14:$BD14,"<=0")=0,"",COUNTIFS($Q14:$BD14,"<=30")-COUNTIFS($Q14:$BD14,"<=0")),"") | P14: =IF(COUNTIFS($Q14:$BD14,"<=0")=0,"",COUNTIFS($Q14:$BD14,"<=0")) | Q14: =IF($S$2>0,IF(BG14="","",BG14),"") -> #VALUE! | R14: =IF($S$2>1,IF(BJ14="","",BJ14),"") | S14: =IF($S$2>2,IF(BM14="","",BM14),"") | T14: =IF($S$2>3,IF(BP14="","",BP14),"") | U14: =IF($S$2>4,IF(BS14="","",BS14),"") | V14: =IF($S$2>5,IF(BV14="","",BV14),"") | W14: =IF($S$2>6,IF(BY14="","",BY14),"") | X14: =IF($S$2>7,IF(CB14="","",CB14),"") | Y14: =IF($S$2>8,IF(CE14="","",CE14),"") | Z14: =IF($S$2>9,IF(CH14="","",CH14),"") | AA14: =IF($S$2>10,IF(CK14="","",CK14),"") | AB14: =IF($S$2>11,IF(CN14="","",CN14),"") | AC14: =IF($S$2>12,IF(CQ14="","",CQ14),"") | AD14: =IF($S$2>13,IF(CT14="","",CT14),"") | AE14: =IF($S$2>14,IF(CW14="","",CW14),"") | AF14: =IF($S$2>15,IF(CZ14="","",CZ14),"") | AG14: =IF($S$2>16,IF(DC14="","",DC14),"") | AH14: =IF($S$2>17,IF(DF14="","",DF14),"") | AI14: =IF($S$2>18,IF(DI14 = "","",DI14),"") | AJ14: =IF($S$2>19,IF(DL14="","",DL14),"") | AK14: =IF($S$2>20,IF(DO14="","",DO14),"") | AL14: =IF($S$2>21,IF(DR14="","",DR14),"") | AM14: =IF($S$2>22,IF(DU14="","",DU14),"") | AN14: =IF($S$2>23,IF(DX14="","",DX14),"") | AO14: =IF($S$2>24,IF(EA14="","",EA14),"") | AP14: =IF($S$2>25,IF(ED14="","",ED14),"") | AQ14: =IF($S$2>26,IF(EG14="","",EG14),"") | AR14: =IF($S$2>27,IF(EJ14="","",EJ14),"") | AS14: =IF($S$2>28,IF(EM14="","",EM14),"") | AT14: =IF($S$2>29,IF(EP14 = "", "", EP14),"") | AU14: =IF($S$2>30,IF(ES14="","",ES14),"") | AV14: =IF($S$2>31,IF(EV14="","",EV14),"") | AW14: =IF($S$2>32,IF(EY14="","",EY14),"") | AX14: =IF($S$2>33,IF(FB14="","",FB14),"") | AY14: =IF($S$2>34,IF(FE14="","",FE14),"") | AZ14: =IF($S$2>35,IF(FH14="","",FH14),"") | BA14: =IF($S$2>36,IF(FK14="","",FK14),"") | BB14: =IF($S$2>37,IF(FN14="","",FN14),"") | BC14: =IF($S$2>38,IF(FQ14="","",FQ14),"") | BD14: =IF($S$2>39,IF(FT14="","",FT14),"") | BE14: =IF($S$2>40,IF(FW14="","",FW14),"") | BF14: 44940 | BG14: =IF(BH14="","",_xlfn.DAYS(BH14,$Q$2)) -> #VALUE! | BH14: =IF(BF14="","",BF14+($G14*365)) -> #VALUE! | BJ14: =IF(BK14="","",_xlfn.DAYS(BK14,$Q$2)) | BK14: =IF(BI14="","",BI14+($G14*365)) | BM14: =IF(BN14="","",_xlfn.DAYS(BN14,$Q$2)) | BN14: =IF(BL14="","",BL14+($G14*365)) | BP14: =IF(BQ14="","",_xlfn.DAYS(BQ14,$Q$2)) | BQ14: =IF(BO14="","",BO14+($G14*365)) | BS14: =IF(BT14="","",_xlfn.DAYS(BT14,$Q$2)) | BT14: =IF(BR14="","",BR14+($G14*365)) | BV14: =IF(BW14="","",_xlfn.DAYS(BW14,$Q$2)) | BW14: =IF(BU14="","",BU14+($G14*365)) | BY14: =IF(BZ14="","",_xlfn.DAYS(BZ14,$Q$2)) | BZ14: =IF(BX14="","",BX14+($G14*365)) | CB14: =IF(CC14="","",_xlfn.DAYS(CC14,$Q$2)) | CC14: =IF(CA14="","",CA14+($G14*365)) | CE14: =IF(CF14="","",_xlfn.DAYS(CF14,$Q$2)) | CF14: =IF(CD14="","",CD14+($G14*365)) | CH14: =IF(CI14="","",_xlfn.DAYS(CI14,$Q$2)) | CI14: =IF(CG14="","",CG14+($G14*365)) | CK14: =IF(CL14="","",_xlfn.DAYS(CL14,$Q$2)) | CL14: =IF(CJ14="","",CJ14+($G14*365)) | CN14: =IF(CO14="","",_xlfn.DAYS(CO14,$Q$2)) | CO14: =IF(CM14="","",CM14+($G14*365)) | CQ14: =IF(CR14="","",_xlfn.DAYS(CR14,$Q$2)) | CR14: =IF(CP14="","",CP14+($G14*365)) | CT14: =IF(CU14="","",_xlfn.DAYS(CU14,$Q$2)) | CU14: =IF(CS14="","",CS14+($G14*365)) | CW14: =IF(CX14="","",_xlfn.DAYS(CX14,$Q$2)) | CX14: =IF(CV14="","",CV14+($G14*365)) | CZ14: =IF(DA14="","",_xlfn.DAYS(DA14,$Q$2)) | DA14: =IF(CY14="","",CY14+($G14*365)) | DC14: =IF(DD14="","",_xlfn.DAYS(DD14,$Q$2)) | DD14: =IF(DB14="","",DB14+($G14*365)) | DF14: =IF(DG14="","",_xlfn.DAYS(DG14,$Q$2)) | DG14: =IF(DE14="","",DE14+($G14*365)) | DI14: =IF(DJ14="","",_xlfn.DAYS(DJ14,$Q$2)) | DJ14: =IF(DH14="","",DH14+($G14*365)) | DL14: =IF(DM14="","",_xlfn.DAYS(DM14,$Q$2)) | DM14: =IF(DK14="","",DK14+($G14*365)) | DO14: =IF(DP14="","",_xlfn.DAYS(DP14,$Q$2)) | DP14: =IF(DN14="","",DN14+($G14*365)) | DR14: =IF(DS14="","",_xlfn.DAYS(DS14,$Q$2)) | DS14: =IF(DQ14="","",DQ14+($G14*365)) | DU14: =IF(DV14="","",_xlfn.DAYS(DV14,$Q$2)) | DV14: =IF(DT14="","",DT14+($G14*365)) | DX14: =IF(DY14="","",_xlfn.DAYS(DY14,$Q$2)) | DY14: =IF(DW14="","",DW14+($G14*365)) | EA14: =IF(EB14="","",_xlfn.DAYS(EB14,$Q$2)) | EB14: =IF(DZ14="","",DZ14+($G14*365)) | ED14: =IF(EE14="","",_xlfn.DAYS(EE14,$Q$2)) | EE14: =IF(EC14="","",EC14+($G14*365)) | EG14: =IF(EH14="","",_xlfn.DAYS(EH14,$Q$2)) | EH14: =IF(EF14="","",EF14+($G14*365)) | EJ14: =IF(EK14="","",_xlfn.DAYS(EK14,$Q$2)) | EK14: =IF(EI14="","",EI14+($G14*365)) | EM14: =IF(EN14="","",_xlfn.DAYS(EN14,$Q$2)) | EN14: =IF(EL14="","",EL14+($G14*365)) | EP14: =IF(EQ14="","",_xlfn.DAYS(EQ14,$Q$2)) | EQ14: =IF(EO14="","",EO14+($G14*365)) | ES14: =IF(ET14="","",_xlfn.DAYS(ET14,$Q$2)) | ET14: =IF(ER14="","",ER14+($G14*365)) | EV14: =IF(EW14="","",_xlfn.DAYS(EW14,$Q$2)) | EW14: =IF(EU14="","",EU14+($G14*365)) | EY14: =IF(EZ14="","",_xlfn.DAYS(EZ14,$Q$2)) | EZ14: =IF(EX14="","",EX14+($G14*365)) | FB14: =IF(FC14="","",_xlfn.DAYS(FC14,$Q$2)) | FC14: =IF(FA14="","",FA14+($G14*365)) | FE14: =IF(FF14="","",_xlfn.DAYS(FF14,$Q$2)) | FF14: =IF(FD14="","",FD14+($G14*365)) | FH14: =IF(FI14="","",_xlfn.DAYS(FI14,$Q$2)) | FI14: =IF(FG14="","",FG14+($G14*365)) | FK14: =IF(FL14="","",_xlfn.DAYS(FL14,$Q$2)) | FL14: =IF(FJ14="","",FJ14+($G14*365)) | FN14: =IF(FO14="","",_xlfn.DAYS(FO14,$Q$2)) | FO14: =IF(FM14="","",FM14+($G14*365)) | FQ14: =IF(FR14="","",_xlfn.DAYS(FR14,$Q$2)) | FR14: =IF(FP14 = "", "",FP14+($G14*365)) | FT14: =IF(FU14="","",_xlfn.DAYS(FU14,$Q$2)) | FU14: =IF(FS14="","",FS14+($G14*365))
A15: =IF(E15="","",E15*$GA$7) | B15: P011006-003 | D15: =IF(A15="","",A15*C15) | G15: N/A | H15: SharePointEntCAL ALNG LicSAPk MVL Pltfrm UsrCAL | I15: =IF(COUNTIFS($Q15:$BD15,">270")=0,"",COUNTIFS($Q15:$BD15,">270")) | J15: =IF(COUNTIFS($Q15:$BD15,"<=270")>0,IF(COUNTIFS($Q15:$BD15,"<=270")-COUNTIFS($Q15:$BD15,"<=180")=0,"",COUNTIFS($Q15:$BD15,"<=270")-COUNTIFS($Q15:$BD15,"<=180")),"") | K15: =IF(COUNTIFS($Q15:$BD15,"<=180")>0,IF(COUNTIFS($Q15:$BD15,"<=180")-COUNTIFS($Q15:$BD15,"<=120")=0,"",COUNTIFS($Q15:$BD15,"<=180")-COUNTIFS($Q15:$BD15,"<=120")),"") | L15: =IF(COUNTIFS($Q15:$BD15,"<=120")>0,IF(COUNTIFS($Q15:$BD15,"<=120")-COUNTIFS($Q15:$BD15,"<=90")=0,"",COUNTIFS($Q15:$BD15,"<=120")-COUNTIFS($Q15:$BD15,"<=90")),"") | M15: =IF(COUNTIFS($Q15:$BD15,"<=90")>0,IF(COUNTIFS($Q15:$BD15,"<=90")-COUNTIFS($Q15:$BD15,"<=60")=0,"",COUNTIFS($Q15:$BD15,"<=90")-COUNTIFS($Q15:$BD15,"<=60")),"") | N15: =IF(COUNTIFS($Q15:$BD15,"<=60")>0,IF(COUNTIFS($Q15:$BD15,"<=60")-COUNTIFS($Q15:$BD15,"<=30")=0,"",COUNTIFS($Q15:$BD15,"<=60")-COUNTIFS($Q15:$BD15,"<=30")),"") | O15: =IF(COUNTIFS($Q15:$BD15,"<=30")>0,IF(COUNTIFS($Q15:$BD15,"<=30")-COUNTIFS($Q15:$BD15,"<=0")=0,"",COUNTIFS($Q15:$BD15,"<=30")-COUNTIFS($Q15:$BD15,"<=0")),"") | P15: =IF(COUNTIFS($Q15:$BD15,"<=0")=0,"",COUNTIFS($Q15:$BD15,"<=0")) | Q15: =IF($S$2>0,IF(BG15="","",BG15),"") -> #VALUE! | R15: =IF($S$2>1,IF(BJ15="","",BJ15),"") | S15: =IF($S$2>2,IF(BM15="","",BM15),"") | T15: =IF($S$2>3,IF(BP15="","",BP15),"") | U15: =IF($S$2>4,IF(BS15="","",BS15),"") | V15: =IF($S$2>5,IF(BV15="","",BV15),"") | W15: =IF($S$2>6,IF(BY15="","",BY15),"") | X15: =IF($S$2>7,IF(CB15="","",CB15),"") | Y15: =IF($S$2>8,IF(CE15="","",CE15),"") | Z15: =IF($S$2>9,IF(CH15="","",CH15),"") | AA15: =IF($S$2>10,IF(CK15="","",CK15),"") | AB15: =IF($S$2>11,IF(CN15="","",CN15),"") | AC15: =IF($S$2>12,IF(CQ15="","",CQ15),"") | AD15: =IF($S$2>13,IF(CT15="","",CT15),"") | AE15: =IF($S$2>14,IF(CW15="","",CW15),"") | AF15: =IF($S$2>15,IF(CZ15="","",CZ15),"") | AG15: =IF($S$2>16,IF(DC15="","",DC15),"") | AH15: =IF($S$2>17,IF(DF15="","",DF15),"") | AI15: =IF($S$2>18,IF(DI15 = "","",DI15),"") | AJ15: =IF($S$2>19,IF(DL15="","",DL15),"") | AK15: =IF($S$2>20,IF(DO15="","",DO15),"") | AL15: =IF($S$2>21,IF(DR15="","",DR15),"") | AM15: =IF($S$2>22,IF(DU15="","",DU15),"") | AN15: =IF($S$2>23,IF(DX15="","",DX15),"") | AO15: =IF($S$2>24,IF(EA15="","",EA15),"") | AP15: =IF($S$2>25,IF(ED15="","",ED15),"") | AQ15: =IF($S$2>26,IF(EG15="","",EG15),"") | AR15: =IF($S$2>27,IF(EJ15="","",EJ15),"") | AS15: =IF($S$2>28,IF(EM15="","",EM15),"") | AT15: =IF($S$2>29,IF(EP15 = "", "", EP15),"") | AU15: =IF($S$2>30,IF(ES15="","",ES15),"") | AV15: =IF($S$2>31,IF(EV15="","",EV15),"") | AW15: =IF($S$2>32,IF(EY15="","",EY15),"") | AX15: =IF($S$2>33,IF(FB15="","",FB15),"") | AY15: =IF($S$2>34,IF(FE15="","",FE15),"") | AZ15: =IF($S$2>35,IF(FH15="","",FH15),"") | BA15: =IF($S$2>36,IF(FK15="","",FK15),"") | BB15: =IF($S$2>37,IF(FN15="","",FN15),"") | BC15: =IF($S$2>38,IF(FQ15="","",FQ15),"") | BD15: =IF($S$2>39,IF(FT15="","",FT15),"") | BE15: =IF($S$2>40,IF(FW15="","",FW15),"") | BF15: 45305 | BG15: =IF(BH15="","",_xlfn.DAYS(BH15,$Q$2)) -> #VALUE! | BH15: =IF(BF15="","",BF15+($G15*365)) -> #VALUE! | BJ15: =IF(BK15="","",_xlfn.DAYS(BK15,$Q$2)) | BK15: =IF(BI15="","",BI15+($G15*365)) | BM15: =IF(BN15="","",_xlfn.DAYS(BN15,$Q$2)) | BN15: =IF(BL15="","",BL15+($G15*365)) | BP15: =IF(BQ15="","",_xlfn.DAYS(BQ15,$Q$2)) | BQ15: =IF(BO15="","",BO15+($G15*365)) | BS15: =IF(BT15="","",_xlfn.DAYS(BT15,$Q$2)) | BT15: =IF(BR15="","",BR15+($G15*365)) | BV15: =IF(BW15="","",_xlfn.DAYS(BW15,$Q$2)) | BW15: =IF(BU15="","",BU15+($G15*365)) | BY15: =IF(BZ15="","",_xlfn.DAYS(BZ15,$Q$2)) | BZ15: =IF(BX15="","",BX15+($G15*365)) | CB15: =IF(CC15="","",_xlfn.DAYS(CC15,$Q$2)) | CC15: =IF(CA15="","",CA15+($G15*365)) | CE15: =IF(CF15="","",_xlfn.DAYS(CF15,$Q$2)) | CF15: =IF(CD15="","",CD15+($G15*365)) | CH15: =IF(CI15="","",_xlfn.DAYS(CI15,$Q$2)) | CI15: =IF(CG15="","",CG15+($G15*365)) | CK15: =IF(CL15="","",_xlfn.DAYS(CL15,$Q$2)) | CL15: =IF(CJ15="","",CJ15+($G15*365)) | CN15: =IF(CO15="","",_xlfn.DAYS(CO15,$Q$2)) | CO15: =IF(CM15="","",CM15+($G15*365)) | CQ15: =IF(CR15="","",_xlfn.DAYS(CR15,$Q$2)) | CR15: =IF(CP15="","",CP15+($G15*365)) | CT15: =IF(CU15="","",_xlfn.DAYS(CU15,$Q$2)) | CU15: =IF(CS15="","",CS15+($G15*365)) | CW15: =IF(CX15="","",_xlfn.DAYS(CX15,$Q$2)) | CX15: =IF(CV15="","",CV15+($G15*365)) | CZ15: =IF(DA15="","",_xlfn.DAYS(DA15,$Q$2)) | DA15: =IF(CY15="","",CY15+($G15*365)) | DC15: =IF(DD15="","",_xlfn.DAYS(DD15,$Q$2)) | DD15: =IF(DB15="","",DB15+($G15*365)) | DF15: =IF(DG15="","",_xlfn.DAYS(DG15,$Q$2)) | DG15: =IF(DE15="","",DE15+($G15*365)) | DI15: =IF(DJ15="","",_xlfn.DAYS(DJ15,$Q$2)) | DJ15: =IF(DH15="","",DH15+($G15*365)) | DL15: =IF(DM15="","",_xlfn.DAYS(DM15,$Q$2)) | DM15: =IF(DK15="","",DK15+($G15*365)) | DO15: =IF(DP15="","",_xlfn.DAYS(DP15,$Q$2)) | DP15: =IF(DN15="","",DN15+($G15*365)) | DR15: =IF(DS15="","",_xlfn.DAYS(DS15,$Q$2)) | DS15: =IF(DQ15="","",DQ15+($G15*365)) | DU15: =IF(DV15="","",_xlfn.DAYS(DV15,$Q$2)) | DV15: =IF(DT15="","",DT15+($G15*365)) | DX15: =IF(DY15="","",_xlfn.DAYS(DY15,$Q$2)) | DY15: =IF(DW15="","",DW15+($G15*365)) | EA15: =IF(EB15="","",_xlfn.DAYS(EB15,$Q$2)) | EB15: =IF(DZ15="","",DZ15+($G15*365)) | ED15: =IF(EE15="","",_xlfn.DAYS(EE15,$Q$2)) | EE15: =IF(EC15="","",EC15+($G15*365)) | EG15: =IF(EH15="","",_xlfn.DAYS(EH15,$Q$2)) | EH15: =IF(EF15="","",EF15+($G15*365)) | EJ15: =IF(EK15="","",_xlfn.DAYS(EK15,$Q$2)) | EK15: =IF(EI15="","",EI15+($G15*365)) | EM15: =IF(EN15="","",_xlfn.DAYS(EN15,$Q$2)) | EN15: =IF(EL15="","",EL15+($G15*365)) | EP15: =IF(EQ15="","",_xlfn.DAYS(EQ15,$Q$2)) | EQ15: =IF(EO15="","",EO15+($G15*365)) | ES15: =IF(ET15="","",_xlfn.DAYS(ET15,$Q$2)) | ET15: =IF(ER15="","",ER15+($G15*365)) | EV15: =IF(EW15="","",_xlfn.DAYS(EW15,$Q$2)) | EW15: =IF(EU15="","",EU15+($G15*365)) | EY15: =IF(EZ15="","",_xlfn.DAYS(EZ15,$Q$2)) | EZ15: =IF(EX15="","",EX15+($G15*365)) | FB15: =IF(FC15="","",_xlfn.DAYS(FC15,$Q$2)) | FC15: =IF(FA15="","",FA15+($G15*365)) | FE15: =IF(FF15="","",_xlfn.DAYS(FF15,$Q$2)) | FF15: =IF(FD15="","",FD15+($G15*365)) | FH15: =IF(FI15="","",_xlfn.DAYS(FI15,$Q$2)) | FI15: =IF(FG15="","",FG15+($G15*365)) | FK15: =IF(FL15="","",_xlfn.DAYS(FL15,$Q$2)) | FL15: =IF(FJ15="","",FJ15+($G15*365)) | FN15: =IF(FO15="","",_xlfn.DAYS(FO15,$Q$2)) | FO15: =IF(FM15="","",FM15+($G15*365)) | FQ15: =IF(FR15="","",_xlfn.DAYS(FR15,$Q$2)) | FR15: =IF(FP15 = "", "",FP15+($G15*365)) | FT15: =IF(FU15="","",_xlfn.DAYS(FU15,$Q$2)) | FU15: =IF(FS15="","",FS15+($G15*365))
A16: =IF(E16="","",E16*$GA$7) -> 1 | B16: P007408-007 | C16: 2590 | D16: =IF(A16="","",A16*C16) -> 2590 | E16: 1 | G16: N/A | H16: SQLSvrStdCore ALNG LicSAPk MVL 2Lic CoreLic | I16: =IF(COUNTIFS($Q16:$BD16,">270")=0,"",COUNTIFS($Q16:$BD16,">270")) | J16: =IF(COUNTIFS($Q16:$BD16,"<=270")>0,IF(COUNTIFS($Q16:$BD16,"<=270")-COUNTIFS($Q16:$BD16,"<=180")=0,"",COUNTIFS($Q16:$BD16,"<=270")-COUNTIFS($Q16:$BD16,"<=180")),"") | K16: =IF(COUNTIFS($Q16:$BD16,"<=180")>0,IF(COUNTIFS($Q16:$BD16,"<=180")-COUNTIFS($Q16:$BD16,"<=120")=0,"",COUNTIFS($Q16:$BD16,"<=180")-COUNTIFS($Q16:$BD16,"<=120")),"") | L16: =IF(COUNTIFS($Q16:$BD16,"<=120")>0,IF(COUNTIFS($Q16:$BD16,"<=120")-COUNTIFS($Q16:$BD16,"<=90")=0,"",COUNTIFS($Q16:$BD16,"<=120")-COUNTIFS($Q16:$BD16,"<=90")),"") | M16: =IF(COUNTIFS($Q16:$BD16,"<=90")>0,IF(COUNTIFS($Q16:$BD16,"<=90")-COUNTIFS($Q16:$BD16,"<=60")=0,"",COUNTIFS($Q16:$BD16,"<=90")-COUNTIFS($Q16:$BD16,"<=60")),"") | N16: =IF(COUNTIFS($Q16:$BD16,"<=60")>0,IF(COUNTIFS($Q16:$BD16,"<=60")-COUNTIFS($Q16:$BD16,"<=30")=0,"",COUNTIFS($Q16:$BD16,"<=60")-COUNTIFS($Q16:$BD16,"<=30")),"") | O16: =IF(COUNTIFS($Q16:$BD16,"<=30")>0,IF(COUNTIFS($Q16:$BD16,"<=30")-COUNTIFS($Q16:$BD16,"<=0")=0,"",COUNTIFS($Q16:$BD16,"<=30")-COUNTIFS($Q16:$BD16,"<=0")),"") | P16: =IF(COUNTIFS($Q16:$BD16,"<=0")=0,"",COUNTIFS($Q16:$BD16,"<=0")) | Q16: =IF($S$2>0,IF(BG16="","",BG16),"") -> #VALUE! | R16: =IF($S$2>1,IF(BJ16="","",BJ16),"") | S16: =IF($S$2>2,IF(BM16="","",BM16),"") | T16: =IF($S$2>3,IF(BP16="","",BP16),"") | U16: =IF($S$2>4,IF(BS16="","",BS16),"") | V16: =IF($S$2>5,IF(BV16="","",BV16),"") | W16: =IF($S$2>6,IF(BY16="","",BY16),"") | X16: =IF($S$2>7,IF(CB16="","",CB16),"") | Y16: =IF($S$2>8,IF(CE16="","",CE16),"") | Z16: =IF($S$2>9,IF(CH16="","",CH16),"") | AA16: =IF($S$2>10,IF(CK16="","",CK16),"") | AB16: =IF($S$2>11,IF(CN16="","",CN16),"") | AC16: =IF($S$2>12,IF(CQ16="","",CQ16),"") | AD16: =IF($S$2>13,IF(CT16="","",CT16),"") | AE16: =IF($S$2>14,IF(CW16="","",CW16),"") | AF16: =IF($S$2>15,IF(CZ16="","",CZ16),"") | AG16: =IF($S$2>16,IF(DC16="","",DC16),"") | AH16: =IF($S$2>17,IF(DF16="","",DF16),"") | AI16: =IF($S$2>18,IF(DI16 = "","",DI16),"") | AJ16: =IF($S$2>19,IF(DL16="","",DL16),"") | AK16: =IF($S$2>20,IF(DO16="","",DO16),"") | AL16: =IF($S$2>21,IF(DR16="","",DR16),"") | AM16: =IF($S$2>22,IF(DU16="","",DU16),"") | AN16: =IF($S$2>23,IF(DX16="","",DX16),"") | AO16: =IF($S$2>24,IF(EA16="","",EA16),"") | AP16: =IF($S$2>25,IF(ED16="","",ED16),"") | AQ16: =IF($S$2>26,IF(EG16="","",EG16),"") | AR16: =IF($S$2>27,IF(EJ16="","",EJ16),"") | AS16: =IF($S$2>28,IF(EM16="","",EM16),"") | AT16: =IF($S$2>29,IF(EP16 = "", "", EP16),"") | AU16: =IF($S$2>30,IF(ES16="","",ES16),"") | AV16: =IF($S$2>31,IF(EV16="","",EV16),"") | AW16: =IF($S$2>32,IF(EY16="","",EY16),"") | AX16: =IF($S$2>33,IF(FB16="","",FB16),"") | AY16: =IF($S$2>34,IF(FE16="","",FE16),"") | AZ16: =IF($S$2>35,IF(FH16="","",FH16),"") | BA16: =IF($S$2>36,IF(FK16="","",FK16),"") | BB16: =IF($S$2>37,IF(FN16="","",FN16),"") | BC16: =IF($S$2>38,IF(FQ16="","",FQ16),"") | BD16: =IF($S$2>39,IF(FT16="","",FT16),"") | BE16: =IF($S$2>40,IF(FW16="","",FW16),"") | BF16: 45786 | BG16: =IF(BH16="","",_xlfn.DAYS(BH16,$Q$2)) -> #VALUE! | BH16: =IF(BF16="","",BF16+($G16*365)) -> #VALUE! | BJ16: =IF(BK16="","",_xlfn.DAYS(BK16,$Q$2)) | BK16: =IF(BI16="","",BI16+($G16*365)) | BM16: =IF(BN16="","",_xlfn.DAYS(BN16,$Q$2)) | BN16: =IF(BL16="","",BL16+($G16*365)) | BP16: =IF(BQ16="","",_xlfn.DAYS(BQ16,$Q$2)) | BQ16: =IF(BO16="","",BO16+($G16*365)) | BS16: =IF(BT16="","",_xlfn.DAYS(BT16,$Q$2)) | BT16: =IF(BR16="","",BR16+($G16*365)) | BV16: =IF(BW16="","",_xlfn.DAYS(BW16,$Q$2)) | BW16: =IF(BU16="","",BU16+($G16*365)) | BY16: =IF(BZ16="","",_xlfn.DAYS(BZ16,$Q$2)) | BZ16: =IF(BX16="","",BX16+($G16*365)) | CB16: =IF(CC16="","",_xlfn.DAYS(CC16,$Q$2)) | CC16: =IF(CA16="","",CA16+($G16*365)) | CE16: =IF(CF16="","",_xlfn.DAYS(CF16,$Q$2)) | CF16: =IF(CD16="","",CD16+($G16*365)) | CH16: =IF(CI16="","",_xlfn.DAYS(CI16,$Q$2)) | CI16: =IF(CG16="","",CG16+($G16*365)) | CK16: =IF(CL16="","",_xlfn.DAYS(CL16,$Q$2)) | CL16: =IF(CJ16="","",CJ16+($G16*365)) | CN16: =IF(CO16="","",_xlfn.DAYS(CO16,$Q$2)) | CO16: =IF(CM16="","",CM16+($G16*365)) | CQ16: =IF(CR16="","",_xlfn.DAYS(CR16,$Q$2)) | CR16: =IF(CP16="","",CP16+($G16*365)) | CT16: =IF(CU16="","",_xlfn.DAYS(CU16,$Q$2)) | CU16: =IF(CS16="","",CS16+($G16*365)) | CW16: =IF(CX16="","",_xlfn.DAYS(CX16,$Q$2)) | CX16: =IF(CV16="","",CV16+($G16*365)) | CZ16: =IF(DA16="","",_xlfn.DAYS(DA16,$Q$2)) | DA16: =IF(CY16="","",CY16+($G16*365)) | DC16: =IF(DD16="","",_xlfn.DAYS(DD16,$Q$2)) | DD16: =IF(DB16="","",DB16+($G16*365)) | DF16: =IF(DG16="","",_xlfn.DAYS(DG16,$Q$2)) | DG16: =IF(DE16="","",DE16+($G16*365)) | DI16: =IF(DJ16="","",_xlfn.DAYS(DJ16,$Q$2)) | DJ16: =IF(DH16="","",DH16+($G16*365)) | DL16: =IF(DM16="","",_xlfn.DAYS(DM16,$Q$2)) | DM16: =IF(DK16="","",DK16+($G16*365)) | DO16: =IF(DP16="","",_xlfn.DAYS(DP16,$Q$2)) | DP16: =IF(DN16="","",DN16+($G16*365)) | DR16: =IF(DS16="","",_xlfn.DAYS(DS16,$Q$2)) | DS16: =IF(DQ16="","",DQ16+($G16*365)) | DU16: =IF(DV16="","",_xlfn.DAYS(DV16,$Q$2)) | DV16: =IF(DT16="","",DT16+($G16*365)) | DX16: =IF(DY16="","",_xlfn.DAYS(DY16,$Q$2)) | DY16: =IF(DW16="","",DW16+($G16*365)) | EA16: =IF(EB16="","",_xlfn.DAYS(EB16,$Q$2)) | EB16: =IF(DZ16="","",DZ16+($G16*365)) | ED16: =IF(EE16="","",_xlfn.DAYS(EE16,$Q$2)) | EE16: =IF(EC16="","",EC16+($G16*365)) | EG16: =IF(EH16="","",_xlfn.DAYS(EH16,$Q$2)) | EH16: =IF(EF16="","",EF16+($G16*365)) | EJ16: =IF(EK16="","",_xlfn.DAYS(EK16,$Q$2)) | EK16: =IF(EI16="","",EI16+($G16*365)) | EM16: =IF(EN16="","",_xlfn.DAYS(EN16,$Q$2)) | EN16: =IF(EL16="","",EL16+($G16*365)) | EP16: =IF(EQ16="","",_xlfn.DAYS(EQ16,$Q$2)) | EQ16: =IF(EO16="","",EO16+($G16*365)) | ES16: =IF(ET16="","",_xlfn.DAYS(ET16,$Q$2)) | ET16: =IF(ER16="","",ER16+($G16*365)) | EV16: =IF(EW16="","",_xlfn.DAYS(EW16,$Q$2)) | EW16: =IF(EU16="","",EU16+($G16*365)) | EY16: =IF(EZ16="","",_xlfn.DAYS(EZ16,$Q$2)) | EZ16: =IF(EX16="","",EX16+($G16*365)) | FB16: =IF(FC16="","",_xlfn.DAYS(FC16,$Q$2)) | FC16: =IF(FA16="","",FA16+($G16*365)) | FE16: =IF(FF16="","",_xlfn.DAYS(FF16,$Q$2)) | FF16: =IF(FD16="","",FD16+($G16*365)) | FH16: =IF(FI16="","",_xlfn.DAYS(FI16,$Q$2)) | FI16: =IF(FG16="","",FG16+($G16*365)) | FK16: =IF(FL16="","",_xlfn.DAYS(FL16,$Q$2)) | FL16: =IF(FJ16="","",FJ16+($G16*365)) | FN16: =IF(FO16="","",_xlfn.DAYS(FO16,$Q$2)) | FO16: =IF(FM16="","",FM16+($G16*365)) | FQ16: =IF(FR16="","",_xlfn.DAYS(FR16,$Q$2)) | FR16: =IF(FP16 = "", "",FP16+($G16*365)) | FT16: =IF(FU16="","",_xlfn.DAYS(FU16,$Q$2)) | FU16: =IF(FS16="","",FS16+($G16*365))
A17: =IF(E17="","",E17*$GA$7) -> 1 | B17: P010045-004 | C17: 17292 | D17: =IF(A17="","",A17*C17) -> 17292 | E17: 1 | G17: 1 | H17: License - Software Splunk Enterprise | I17: =IF(COUNTIFS($Q17:$BD17,">270")=0,"",COUNTIFS($Q17:$BD17,">270")) | J17: =IF(COUNTIFS($Q17:$BD17,"<=270")>0,IF(COUNTIFS($Q17:$BD17,"<=270")-COUNTIFS($Q17:$BD17,"<=180")=0,"",COUNTIFS($Q17:$BD17,"<=270")-COUNTIFS($Q17:$BD17,"<=180")),"") | K17: =IF(COUNTIFS($Q17:$BD17,"<=180")>0,IF(COUNTIFS($Q17:$BD17,"<=180")-COUNTIFS($Q17:$BD17,"<=120")=0,"",COUNTIFS($Q17:$BD17,"<=180")-COUNTIFS($Q17:$BD17,"<=120")),"") | L17: =IF(COUNTIFS($Q17:$BD17,"<=120")>0,IF(COUNTIFS($Q17:$BD17,"<=120")-COUNTIFS($Q17:$BD17,"<=90")=0,"",COUNTIFS($Q17:$BD17,"<=120")-COUNTIFS($Q17:$BD17,"<=90")),"") | M17: =IF(COUNTIFS($Q17:$BD17,"<=90")>0,IF(COUNTIFS($Q17:$BD17,"<=90")-COUNTIFS($Q17:$BD17,"<=60")=0,"",COUNTIFS($Q17:$BD17,"<=90")-COUNTIFS($Q17:$BD17,"<=60")),"") | N17: =IF(COUNTIFS($Q17:$BD17,"<=60")>0,IF(COUNTIFS($Q17:$BD17,"<=60")-COUNTIFS($Q17:$BD17,"<=30")=0,"",COUNTIFS($Q17:$BD17,"<=60")-COUNTIFS($Q17:$BD17,"<=30")),"") | O17: =IF(COUNTIFS($Q17:$BD17,"<=30")>0,IF(COUNTIFS($Q17:$BD17,"<=30")-COUNTIFS($Q17:$BD17,"<=0")=0,"",COUNTIFS($Q17:$BD17,"<=30")-COUNTIFS($Q17:$BD17,"<=0")),"") | P17: =IF(COUNTIFS($Q17:$BD17,"<=0")=0,"",COUNTIFS($Q17:$BD17,"<=0")) -> 1 | Q17: =IF($S$2>0,IF(BG17="","",BG17),"") -> -3 | R17: =IF($S$2>1,IF(BJ17="","",BJ17),"") | S17: =IF($S$2>2,IF(BM17="","",BM17),"") | T17: =IF($S$2>3,IF(BP17="","",BP17),"") | U17: =IF($S$2>4,IF(BS17="","",BS17),"") | V17: =IF($S$2>5,IF(BV17="","",BV17),"") | W17: =IF($S$2>6,IF(BY17="","",BY17),"") | X17: =IF($S$2>7,IF(CB17="","",CB17),"") | Y17: =IF($S$2>8,IF(CE17="","",CE17),"") | Z17: =IF($S$2>9,IF(CH17="","",CH17),"") | AA17: =IF($S$2>10,IF(CK17="","",CK17),"") | AB17: =IF($S$2>11,IF(CN17="","",CN17),"") | AC17: =IF($S$2>12,IF(CQ17="","",CQ17),"") | AD17: =IF($S$2>13,IF(CT17="","",CT17),"") | AE17: =IF($S$2>14,IF(CW17="","",CW17),"") | AF17: =IF($S$2>15,IF(CZ17="","",CZ17),"") | AG17: =IF($S$2>16,IF(DC17="","",DC17),"") | AH17: =IF($S$2>17,IF(DF17="","",DF17),"") | AI17: =IF($S$2>18,IF(DI17 = "","",DI17),"") | AJ17: =IF($S$2>19,IF(DL17="","",DL17),"") | AK17: =IF($S$2>20,IF(DO17="","",DO17),"") | AL17: =IF($S$2>21,IF(DR17="","",DR17),"") | AM17: =IF($S$2>22,IF(DU17="","",DU17),"") | AN17: =IF($S$2>23,IF(DX17="","",DX17),"") | AO17: =IF($S$2>24,IF(EA17="","",EA17),"") | AP17: =IF($S$2>25,IF(ED17="","",ED17),"") | AQ17: =IF($S$2>26,IF(EG17="","",EG17),"") | AR17: =IF($S$2>27,IF(EJ17="","",EJ17),"") | AS17: =IF($S$2>28,IF(EM17="","",EM17),"") | AT17: =IF($S$2>29,IF(EP17 = "", "", EP17),"") | AU17: =IF($S$2>30,IF(ES17="","",ES17),"") | AV17: =IF($S$2>31,IF(EV17="","",EV17),"") | AW17: =IF($S$2>32,IF(EY17="","",EY17),"") | AX17: =IF($S$2>33,IF(FB17="","",FB17),"") | AY17: =IF($S$2>34,IF(FE17="","",FE17),"") | AZ17: =IF($S$2>35,IF(FH17="","",FH17),"") | BA17: =IF($S$2>36,IF(FK17="","",FK17),"") | BB17: =IF($S$2>37,IF(FN17="","",FN17),"") | BC17: =IF($S$2>38,IF(FQ17="","",FQ17),"") | BD17: =IF($S$2>39,IF(FT17="","",FT17),"") | BE17: =IF($S$2>40,IF(FW17="","",FW17),"") | BF17: 45563 | BG17: =IF(BH17="","",_xlfn.DAYS(BH17,$Q$2)) -> -3 | BH17: =IF(BF17="","",BF17+($G17*365)) -> 45928 | BJ17: =IF(BK17="","",_xlfn.DAYS(BK17,$Q$2)) | BK17: =IF(BI17="","",BI17+($G17*365)) | BM17: =IF(BN17="","",_xlfn.DAYS(BN17,$Q$2)) | BN17: =IF(BL17="","",BL17+($G17*365)) | BP17: =IF(BQ17="","",_xlfn.DAYS(BQ17,$Q$2)) | BQ17: =IF(BO17="","",BO17+($G17*365)) | BS17: =IF(BT17="","",_xlfn.DAYS(BT17,$Q$2)) | BT17: =IF(BR17="","",BR17+($G17*365)) | BV17: =IF(BW17="","",_xlfn.DAYS(BW17,$Q$2)) | BW17: =IF(BU17="","",BU17+($G17*365)) | BY17: =IF(BZ17="","",_xlfn.DAYS(BZ17,$Q$2)) | BZ17: =IF(BX17="","",BX17+($G17*365)) | CB17: =IF(CC17="","",_xlfn.DAYS(CC17,$Q$2)) | CC17: =IF(CA17="","",CA17+($G17*365)) | CE17: =IF(CF17="","",_xlfn.DAYS(CF17,$Q$2)) | CF17: =IF(CD17="","",CD17+($G17*365)) | CH17: =IF(CI17="","",_xlfn.DAYS(CI17,$Q$2)) | CI17: =IF(CG17="","",CG17+($G17*365)) | CK17: =IF(CL17="","",_xlfn.DAYS(CL17,$Q$2)) | CL17: =IF(CJ17="","",CJ17+($G17*365)) | CN17: =IF(CO17="","",_xlfn.DAYS(CO17,$Q$2)) | CO17: =IF(CM17="","",CM17+($G17*365)) | CQ17: =IF(CR17="","",_xlfn.DAYS(CR17,$Q$2)) | CR17: =IF(CP17="","",CP17+($G17*365)) | CT17: =IF(CU17="","",_xlfn.DAYS(CU17,$Q$2)) | CU17: =IF(CS17="","",CS17+($G17*365)) | CW17: =IF(CX17="","",_xlfn.DAYS(CX17,$Q$2)) | CX17: =IF(CV17="","",CV17+($G17*365)) | CZ17: =IF(DA17="","",_xlfn.DAYS(DA17,$Q$2)) | DA17: =IF(CY17="","",CY17+($G17*365)) | DC17: =IF(DD17="","",_xlfn.DAYS(DD17,$Q$2)) | DD17: =IF(DB17="","",DB17+($G17*365)) | DF17: =IF(DG17="","",_xlfn.DAYS(DG17,$Q$2)) | DG17: =IF(DE17="","",DE17+($G17*365)) | DI17: =IF(DJ17="","",_xlfn.DAYS(DJ17,$Q$2)) | DJ17: =IF(DH17="","",DH17+($G17*365)) | DL17: =IF(DM17="","",_xlfn.DAYS(DM17,$Q$2)) | DM17: =IF(DK17="","",DK17+($G17*365)) | DO17: =IF(DP17="","",_xlfn.DAYS(DP17,$Q$2)) | DP17: =IF(DN17="","",DN17+($G17*365)) | DR17: =IF(DS17="","",_xlfn.DAYS(DS17,$Q$2)) | DS17: =IF(DQ17="","",DQ17+($G17*365)) | DU17: =IF(DV17="","",_xlfn.DAYS(DV17,$Q$2)) | DV17: =IF(DT17="","",DT17+($G17*365)) | DX17: =IF(DY17="","",_xlfn.DAYS(DY17,$Q$2)) | DY17: =IF(DW17="","",DW17+($G17*365)) | EA17: =IF(EB17="","",_xlfn.DAYS(EB17,$Q$2)) | EB17: =IF(DZ17="","",DZ17+($G17*365)) | ED17: =IF(EE17="","",_xlfn.DAYS(EE17,$Q$2)) | EE17: =IF(EC17="","",EC17+($G17*365)) | EG17: =IF(EH17="","",_xlfn.DAYS(EH17,$Q$2)) | EH17: =IF(EF17="","",EF17+($G17*365)) | EJ17: =IF(EK17="","",_xlfn.DAYS(EK17,$Q$2)) | EK17: =IF(EI17="","",EI17+($G17*365)) | EM17: =IF(EN17="","",_xlfn.DAYS(EN17,$Q$2)) | EN17: =IF(EL17="","",EL17+($G17*365)) | EP17: =IF(EQ17="","",_xlfn.DAYS(EQ17,$Q$2)) | EQ17: =IF(EO17="","",EO17+($G17*365)) | ES17: =IF(ET17="","",_xlfn.DAYS(ET17,$Q$2)) | ET17: =IF(ER17="","",ER17+($G17*365)) | EV17: =IF(EW17="","",_xlfn.DAYS(EW17,$Q$2)) | EW17: =IF(EU17="","",EU17+($G17*365)) | EY17: =IF(EZ17="","",_xlfn.DAYS(EZ17,$Q$2)) | EZ17: =IF(EX17="","",EX17+($G17*365)) | FB17: =IF(FC17="","",_xlfn.DAYS(FC17,$Q$2)) | FC17: =IF(FA17="","",FA17+($G17*365)) | FE17: =IF(FF17="","",_xlfn.DAYS(FF17,$Q$2)) | FF17: =IF(FD17="","",FD17+($G17*365)) | FH17: =IF(FI17="","",_xlfn.DAYS(FI17,$Q$2)) | FI17: =IF(FG17="","",FG17+($G17*365)) | FK17: =IF(FL17="","",_xlfn.DAYS(FL17,$Q$2)) | FL17: =IF(FJ17="","",FJ17+($G17*365)) | FN17: =IF(FO17="","",_xlfn.DAYS(FO17,$Q$2)) | FO17: =IF(FM17="","",FM17+($G17*365)) | FQ17: =IF(FR17="","",_xlfn.DAYS(FR17,$Q$2)) | FR17: =IF(FP17 = "", "",FP17+($G17*365)) | FT17: =IF(FU17="","",_xlfn.DAYS(FU17,$Q$2)) | FU17: =IF(FS17="","",FS17+($G17*365)) | FV17: 16 GB/day (2 Licenses for 32GB/day) RQ-0017415
A18: =IF(E18="","",E18*$GA$7) -> 1 | B18: P006140-015 | C18: 3703 | D18: =IF(A18="","",A18*C18) -> 3703 | E18: 1 | F18: 9.0 = 7/14/24 9.1 - 6/28/25 9.2 - 1/31/26 | G18: 1 | H18: Software - VMWare vSphere Enterprirse Plus v.7 | I18: =IF(COUNTIFS($Q18:$BD18,">270")=0,"",COUNTIFS($Q18:$BD18,">270")) | J18: =IF(COUNTIFS($Q18:$BD18,"<=270")>0,IF(COUNTIFS($Q18:$BD18,"<=270")-COUNTIFS($Q18:$BD18,"<=180")=0,"",COUNTIFS($Q18:$BD18,"<=270")-COUNTIFS($Q18:$BD18,"<=180")),"") | K18: =IF(COUNTIFS($Q18:$BD18,"<=180")>0,IF(COUNTIFS($Q18:$BD18,"<=180")-COUNTIFS($Q18:$BD18,"<=120")=0,"",COUNTIFS($Q18:$BD18,"<=180")-COUNTIFS($Q18:$BD18,"<=120")),"") | L18: =IF(COUNTIFS($Q18:$BD18,"<=120")>0,IF(COUNTIFS($Q18:$BD18,"<=120")-COUNTIFS($Q18:$BD18,"<=90")=0,"",COUNTIFS($Q18:$BD18,"<=120")-COUNTIFS($Q18:$BD18,"<=90")),"") | M18: =IF(COUNTIFS($Q18:$BD18,"<=90")>0,IF(COUNTIFS($Q18:$BD18,"<=90")-COUNTIFS($Q18:$BD18,"<=60")=0,"",COUNTIFS($Q18:$BD18,"<=90")-COUNTIFS($Q18:$BD18,"<=60")),"") | N18: =IF(COUNTIFS($Q18:$BD18,"<=60")>0,IF(COUNTIFS($Q18:$BD18,"<=60")-COUNTIFS($Q18:$BD18,"<=30")=0,"",COUNTIFS($Q18:$BD18,"<=60")-COUNTIFS($Q18:$BD18,"<=30")),"") | O18: =IF(COUNTIFS($Q18:$BD18,"<=30")>0,IF(COUNTIFS($Q18:$BD18,"<=30")-COUNTIFS($Q18:$BD18,"<=0")=0,"",COUNTIFS($Q18:$BD18,"<=30")-COUNTIFS($Q18:$BD18,"<=0")),"") -> 1 | P18: =IF(COUNTIFS($Q18:$BD18,"<=0")=0,"",COUNTIFS($Q18:$BD18,"<=0")) | Q18: =IF($S$2>0,IF(BG18="","",BG18),"") -> 10 | R18: =IF($S$2>1,IF(BJ18="","",BJ18),"") | S18: =IF($S$2>2,IF(BM18="","",BM18),"") | T18: =IF($S$2>3,IF(BP18="","",BP18),"") | U18: =IF($S$2>4,IF(BS18="","",BS18),"") | V18: =IF($S$2>5,IF(BV18="","",BV18),"") | W18: =IF($S$2>6,IF(BY18="","",BY18),"") | X18: =IF($S$2>7,IF(CB18="","",CB18),"") | Y18: =IF($S$2>8,IF(CE18="","",CE18),"") | Z18: =IF($S$2>9,IF(CH18="","",CH18),"") | AA18: =IF($S$2>10,IF(CK18="","",CK18),"") | AB18: =IF($S$2>11,IF(CN18="","",CN18),"") | AC18: =IF($S$2>12,IF(CQ18="","",CQ18),"") | AD18: =IF($S$2>13,IF(CT18="","",CT18),"") | AE18: =IF($S$2>14,IF(CW18="","",CW18),"") | AF18: =IF($S$2>15,IF(CZ18="","",CZ18),"") | AG18: =IF($S$2>16,IF(DC18="","",DC18),"") | AH18: =IF($S$2>17,IF(DF18="","",DF18),"") | AI18: =IF($S$2>18,IF(DI18 = "","",DI18),"") | AJ18: =IF($S$2>19,IF(DL18="","",DL18),"") | AK18: =IF($S$2>20,IF(DO18="","",DO18),"") | AL18: =IF($S$2>21,IF(DR18="","",DR18),"") | AM18: =IF($S$2>22,IF(DU18="","",DU18),"") | AN18: =IF($S$2>23,IF(DX18="","",DX18),"") | AO18: =IF($S$2>24,IF(EA18="","",EA18),"") | AP18: =IF($S$2>25,IF(ED18="","",ED18),"") | AQ18: =IF($S$2>26,IF(EG18="","",EG18),"") | AR18: =IF($S$2>27,IF(EJ18="","",EJ18),"") | AS18: =IF($S$2>28,IF(EM18="","",EM18),"") | AT18: =IF($S$2>29,IF(EP18 = "", "", EP18),"") | AU18: =IF($S$2>30,IF(ES18="","",ES18),"") | AV18: =IF($S$2>31,IF(EV18="","",EV18),"") | AW18: =IF($S$2>32,IF(EY18="","",EY18),"") | AX18: =IF($S$2>33,IF(FB18="","",FB18),"") | AY18: =IF($S$2>34,IF(FE18="","",FE18),"") | AZ18: =IF($S$2>35,IF(FH18="","",FH18),"") | BA18: =IF($S$2>36,IF(FK18="","",FK18),"") | BB18: =IF($S$2>37,IF(FN18="","",FN18),"") | BC18: =IF($S$2>38,IF(FQ18="","",FQ18),"") | BD18: =IF($S$2>39,IF(FT18="","",FT18),"") | BE18: =IF($S$2>40,IF(FW18="","",FW18),"") | BF18: 45576 | BG18: =IF(BH18="","",_xlfn.DAYS(BH18,$Q$2)) -> 10 | BH18: =IF(BF18="","",BF18+($G18*365)) -> 45941 | BJ18: =IF(BK18="","",_xlfn.DAYS(BK18,$Q$2)) | BK18: =IF(BI18="","",BI18+($G18*365)) | BM18: =IF(BN18="","",_xlfn.DAYS(BN18,$Q$2)) | BN18: =IF(BL18="","",BL18+($G18*365)) | BP18: =IF(BQ18="","",_xlfn.DAYS(BQ18,$Q$2)) | BQ18: =IF(BO18="","",BO18+($G18*365)) | BS18: =IF(BT18="","",_xlfn.DAYS(BT18,$Q$2)) | BT18: =IF(BR18="","",BR18+($G18*365)) | BV18: =IF(BW18="","",_xlfn.DAYS(BW18,$Q$2)) | BW18: =IF(BU18="","",BU18+($G18*365)) | BY18: =IF(BZ18="","",_xlfn.DAYS(BZ18,$Q$2)) | BZ18: =IF(BX18="","",BX18+($G18*365)) | CB18: =IF(CC18="","",_xlfn.DAYS(CC18,$Q$2)) | CC18: =IF(CA18="","",CA18+($G18*365)) | CE18: =IF(CF18="","",_xlfn.DAYS(CF18,$Q$2)) | CF18: =IF(CD18="","",CD18+($G18*365)) | CH18: =IF(CI18="","",_xlfn.DAYS(CI18,$Q$2)) | CI18: =IF(CG18="","",CG18+($G18*365)) | CK18: =IF(CL18="","",_xlfn.DAYS(CL18,$Q$2)) | CL18: =IF(CJ18="","",CJ18+($G18*365)) | CN18: =IF(CO18="","",_xlfn.DAYS(CO18,$Q$2)) | CO18: =IF(CM18="","",CM18+($G18*365)) | CQ18: =IF(CR18="","",_xlfn.DAYS(CR18,$Q$2)) | CR18: =IF(CP18="","",CP18+($G18*365)) | CT18: =IF(CU18="","",_xlfn.DAYS(CU18,$Q$2)) | CU18: =IF(CS18="","",CS18+($G18*365)) | CW18: =IF(CX18="","",_xlfn.DAYS(CX18,$Q$2)) | CX18: =IF(CV18="","",CV18+($G18*365)) | CZ18: =IF(DA18="","",_xlfn.DAYS(DA18,$Q$2)) | DA18: =IF(CY18="","",CY18+($G18*365)) | DC18: =IF(DD18="","",_xlfn.DAYS(DD18,$Q$2)) | DD18: =IF(DB18="","",DB18+($G18*365)) | DF18: =IF(DG18="","",_xlfn.DAYS(DG18,$Q$2)) | DG18: =IF(DE18="","",DE18+($G18*365)) | DI18: =IF(DJ18="","",_xlfn.DAYS(DJ18,$Q$2)) | DJ18: =IF(DH18="","",DH18+($G18*365)) | DL18: =IF(DM18="","",_xlfn.DAYS(DM18,$Q$2)) | DM18: =IF(DK18="","",DK18+($G18*365)) | DO18: =IF(DP18="","",_xlfn.DAYS(DP18,$Q$2)) | DP18: =IF(DN18="","",DN18+($G18*365)) | DR18: =IF(DS18="","",_xlfn.DAYS(DS18,$Q$2)) | DS18: =IF(DQ18="","",DQ18+($G18*365)) | DU18: =IF(DV18="","",_xlfn.DAYS(DV18,$Q$2)) | DV18: =IF(DT18="","",DT18+($G18*365)) | DX18: =IF(DY18="","",_xlfn.DAYS(DY18,$Q$2)) | DY18: =IF(DW18="","",DW18+($G18*365)) | EA18: =IF(EB18="","",_xlfn.DAYS(EB18,$Q$2)) | EB18: =IF(DZ18="","",DZ18+($G18*365)) | ED18: =IF(EE18="","",_xlfn.DAYS(EE18,$Q$2)) | EE18: =IF(EC18="","",EC18+($G18*365)) | EG18: =IF(EH18="","",_xlfn.DAYS(EH18,$Q$2)) | EH18: =IF(EF18="","",EF18+($G18*365)) | EJ18: =IF(EK18="","",_xlfn.DAYS(EK18,$Q$2)) | EK18: =IF(EI18="","",EI18+($G18*365)) | EM18: =IF(EN18="","",_xlfn.DAYS(EN18,$Q$2)) | EN18: =IF(EL18="","",EL18+($G18*365)) | EP18: =IF(EQ18="","",_xlfn.DAYS(EQ18,$Q$2)) | EQ18: =IF(EO18="","",EO18+($G18*365)) | ES18: =IF(ET18="","",_xlfn.DAYS(ET18,$Q$2)) | ET18: =IF(ER18="","",ER18+($G18*365)) | EV18: =IF(EW18="","",_xlfn.DAYS(EW18,$Q$2)) | EW18: =IF(EU18="","",EU18+($G18*365)) | EY18: =IF(EZ18="","",_xlfn.DAYS(EZ18,$Q$2)) | EZ18: =IF(EX18="","",EX18+($G18*365)) | FB18: =IF(FC18="","",_xlfn.DAYS(FC18,$Q$2)) | FC18: =IF(FA18="","",FA18+($G18*365)) | FE18: =IF(FF18="","",_xlfn.DAYS(FF18,$Q$2)) | FF18: =IF(FD18="","",FD18+($G18*365)) | FH18: =IF(FI18="","",_xlfn.DAYS(FI18,$Q$2)) | FI18: =IF(FG18="","",FG18+($G18*365)) | FK18: =IF(FL18="","",_xlfn.DAYS(FL18,$Q$2)) | FL18: =IF(FJ18="","",FJ18+($G18*365)) | FN18: =IF(FO18="","",_xlfn.DAYS(FO18,$Q$2)) | FO18: =IF(FM18="","",FM18+($G18*365)) | FQ18: =IF(FR18="","",_xlfn.DAYS(FR18,$Q$2)) | FR18: =IF(FP18 = "", "",FP18+($G18*365)) | FT18: =IF(FU18="","",_xlfn.DAYS(FU18,$Q$2)) | FU18: =IF(FS18="","",FS18+($G18*365))
A19: =IF(E19="","",E19*$GA$7) -> 8 | B19: PS423064-07 | C19: 4621 | D19: =IF(A19="","",A19*C19) -> 36968 | E19: 8 | G19: 1 | H19: Software Maintenance - VMWare vSphere Enterprise Plus Edition v.7 | I19: =IF(COUNTIFS($Q19:$BD19,">270")=0,"",COUNTIFS($Q19:$BD19,">270")) | J19: =IF(COUNTIFS($Q19:$BD19,"<=270")>0,IF(COUNTIFS($Q19:$BD19,"<=270")-COUNTIFS($Q19:$BD19,"<=180")=0,"",COUNTIFS($Q19:$BD19,"<=270")-COUNTIFS($Q19:$BD19,"<=180")),"") | K19: =IF(COUNTIFS($Q19:$BD19,"<=180")>0,IF(COUNTIFS($Q19:$BD19,"<=180")-COUNTIFS($Q19:$BD19,"<=120")=0,"",COUNTIFS($Q19:$BD19,"<=180")-COUNTIFS($Q19:$BD19,"<=120")),"") | L19: =IF(COUNTIFS($Q19:$BD19,"<=120")>0,IF(COUNTIFS($Q19:$BD19,"<=120")-COUNTIFS($Q19:$BD19,"<=90")=0,"",COUNTIFS($Q19:$BD19,"<=120")-COUNTIFS($Q19:$BD19,"<=90")),"") | M19: =IF(COUNTIFS($Q19:$BD19,"<=90")>0,IF(COUNTIFS($Q19:$BD19,"<=90")-COUNTIFS($Q19:$BD19,"<=60")=0,"",COUNTIFS($Q19:$BD19,"<=90")-COUNTIFS($Q19:$BD19,"<=60")),"") | N19: =IF(COUNTIFS($Q19:$BD19,"<=60")>0,IF(COUNTIFS($Q19:$BD19,"<=60")-COUNTIFS($Q19:$BD19,"<=30")=0,"",COUNTIFS($Q19:$BD19,"<=60")-COUNTIFS($Q19:$BD19,"<=30")),"") | O19: =IF(COUNTIFS($Q19:$BD19,"<=30")>0,IF(COUNTIFS($Q19:$BD19,"<=30")-COUNTIFS($Q19:$BD19,"<=0")=0,"",COUNTIFS($Q19:$BD19,"<=30")-COUNTIFS($Q19:$BD19,"<=0")),"") -> 1 | P19: =IF(COUNTIFS($Q19:$BD19,"<=0")=0,"",COUNTIFS($Q19:$BD19,"<=0")) | Q19: =IF($S$2>0,IF(BG19="","",BG19),"") -> 10 | R19: =IF($S$2>1,IF(BJ19="","",BJ19),"") | S19: =IF($S$2>2,IF(BM19="","",BM19),"") | T19: =IF($S$2>3,IF(BP19="","",BP19),"") | U19: =IF($S$2>4,IF(BS19="","",BS19),"") | V19: =IF($S$2>5,IF(BV19="","",BV19),"") | W19: =IF($S$2>6,IF(BY19="","",BY19),"") | X19: =IF($S$2>7,IF(CB19="","",CB19),"") | Y19: =IF($S$2>8,IF(CE19="","",CE19),"") | Z19: =IF($S$2>9,IF(CH19="","",CH19),"") | AA19: =IF($S$2>10,IF(CK19="","",CK19),"") | AB19: =IF($S$2>11,IF(CN19="","",CN19),"") | AC19: =IF($S$2>12,IF(CQ19="","",CQ19),"") | AD19: =IF($S$2>13,IF(CT19="","",CT19),"") | AE19: =IF($S$2>14,IF(CW19="","",CW19),"") | AF19: =IF($S$2>15,IF(CZ19="","",CZ19),"") | AG19: =IF($S$2>16,IF(DC19="","",DC19),"") | AH19: =IF($S$2>17,IF(DF19="","",DF19),"") | AI19: =IF($S$2>18,IF(DI19 = "","",DI19),"") | AJ19: =IF($S$2>19,IF(DL19="","",DL19),"") | AK19: =IF($S$2>20,IF(DO19="","",DO19),"") | AL19: =IF($S$2>21,IF(DR19="","",DR19),"") | AM19: =IF($S$2>22,IF(DU19="","",DU19),"") | AN19: =IF($S$2>23,IF(DX19="","",DX19),"") | AO19: =IF($S$2>24,IF(EA19="","",EA19),"") | AP19: =IF($S$2>25,IF(ED19="","",ED19),"") | AQ19: =IF($S$2>26,IF(EG19="","",EG19),"") | AR19: =IF($S$2>27,IF(EJ19="","",EJ19),"") | AS19: =IF($S$2>28,IF(EM19="","",EM19),"") | AT19: =IF($S$2>29,IF(EP19 = "", "", EP19),"") | AU19: =IF($S$2>30,IF(ES19="","",ES19),"") | AV19: =IF($S$2>31,IF(EV19="","",EV19),"") | AW19: =IF($S$2>32,IF(EY19="","",EY19),"") | AX19: =IF($S$2>33,IF(FB19="","",FB19),"") | AY19: =IF($S$2>34,IF(FE19="","",FE19),"") | AZ19: =IF($S$2>35,IF(FH19="","",FH19),"") | BA19: =IF($S$2>36,IF(FK19="","",FK19),"") | BB19: =IF($S$2>37,IF(FN19="","",FN19),"") | BC19: =IF($S$2>38,IF(FQ19="","",FQ19),"") | BD19: =IF($S$2>39,IF(FT19="","",FT19),"") | BE19: =IF($S$2>40,IF(FW19="","",FW19),"") | BF19: 45576 | BG19: =IF(BH19="","",_xlfn.DAYS(BH19,$Q$2)) -> 10 | BH19: =IF(BF19="","",BF19+($G19*365)) -> 45941 | BJ19: =IF(BK19="","",_xlfn.DAYS(BK19,$Q$2)) | BK19: =IF(BI19="","",BI19+($G19*365)) | BM19: =IF(BN19="","",_xlfn.DAYS(BN19,$Q$2)) | BN19: =IF(BL19="","",BL19+($G19*365)) | BP19: =IF(BQ19="","",_xlfn.DAYS(BQ19,$Q$2)) | BQ19: =IF(BO19="","",BO19+($G19*365)) | BS19: =IF(BT19="","",_xlfn.DAYS(BT19,$Q$2)) | BT19: =IF(BR19="","",BR19+($G19*365)) | BV19: =IF(BW19="","",_xlfn.DAYS(BW19,$Q$2)) | BW19: =IF(BU19="","",BU19+($G19*365)) | BY19: =IF(BZ19="","",_xlfn.DAYS(BZ19,$Q$2)) | BZ19: =IF(BX19="","",BX19+($G19*365)) | CB19: =IF(CC19="","",_xlfn.DAYS(CC19,$Q$2)) | CC19: =IF(CA19="","",CA19+($G19*365)) | CE19: =IF(CF19="","",_xlfn.DAYS(CF19,$Q$2)) | CF19: =IF(CD19="","",CD19+($G19*365)) | CH19: =IF(CI19="","",_xlfn.DAYS(CI19,$Q$2)) | CI19: =IF(CG19="","",CG19+($G19*365)) | CK19: =IF(CL19="","",_xlfn.DAYS(CL19,$Q$2)) | CL19: =IF(CJ19="","",CJ19+($G19*365)) | CN19: =IF(CO19="","",_xlfn.DAYS(CO19,$Q$2)) | CO19: =IF(CM19="","",CM19+($G19*365)) | CQ19: =IF(CR19="","",_xlfn.DAYS(CR19,$Q$2)) | CR19: =IF(CP19="","",CP19+($G19*365)) | CT19: =IF(CU19="","",_xlfn.DAYS(CU19,$Q$2)) | CU19: =IF(CS19="","",CS19+($G19*365)) | CW19: =IF(CX19="","",_xlfn.DAYS(CX19,$Q$2)) | CX19: =IF(CV19="","",CV19+($G19*365)) | CZ19: =IF(DA19="","",_xlfn.DAYS(DA19,$Q$2)) | DA19: =IF(CY19="","",CY19+($G19*365)) | DC19: =IF(DD19="","",_xlfn.DAYS(DD19,$Q$2)) | DD19: =IF(DB19="","",DB19+($G19*365)) | DF19: =IF(DG19="","",_xlfn.DAYS(DG19,$Q$2)) | DG19: =IF(DE19="","",DE19+($G19*365)) | DI19: =IF(DJ19="","",_xlfn.DAYS(DJ19,$Q$2)) | DJ19: =IF(DH19="","",DH19+($G19*365)) | DL19: =IF(DM19="","",_xlfn.DAYS(DM19,$Q$2)) | DM19: =IF(DK19="","",DK19+($G19*365)) | DO19: =IF(DP19="","",_xlfn.DAYS(DP19,$Q$2)) | DP19: =IF(DN19="","",DN19+($G19*365)) | DR19: =IF(DS19="","",_xlfn.DAYS(DS19,$Q$2)) | DS19: =IF(DQ19="","",DQ19+($G19*365)) | DU19: =IF(DV19="","",_xlfn.DAYS(DV19,$Q$2)) | DV19: =IF(DT19="","",DT19+($G19*365)) | DX19: =IF(DY19="","",_xlfn.DAYS(DY19,$Q$2)) | DY19: =IF(DW19="","",DW19+($G19*365)) | EA19: =IF(EB19="","",_xlfn.DAYS(EB19,$Q$2)) | EB19: =IF(DZ19="","",DZ19+($G19*365)) | ED19: =IF(EE19="","",_xlfn.DAYS(EE19,$Q$2)) | EE19: =IF(EC19="","",EC19+($G19*365)) | EG19: =IF(EH19="","",_xlfn.DAYS(EH19,$Q$2)) | EH19: =IF(EF19="","",EF19+($G19*365)) | EJ19: =IF(EK19="","",_xlfn.DAYS(EK19,$Q$2)) | EK19: =IF(EI19="","",EI19+($G19*365)) | EM19: =IF(EN19="","",_xlfn.DAYS(EN19,$Q$2)) | EN19: =IF(EL19="","",EL19+($G19*365)) | EP19: =IF(EQ19="","",_xlfn.DAYS(EQ19,$Q$2)) | EQ19: =IF(EO19="","",EO19+($G19*365)) | ES19: =IF(ET19="","",_xlfn.DAYS(ET19,$Q$2)) | ET19: =IF(ER19="","",ER19+($G19*365)) | EV19: =IF(EW19="","",_xlfn.DAYS(EW19,$Q$2)) | EW19: =IF(EU19="","",EU19+($G19*365)) | EY19: =IF(EZ19="","",_xlfn.DAYS(EZ19,$Q$2)) | EZ19: =IF(EX19="","",EX19+($G19*365)) | FB19: =IF(FC19="","",_xlfn.DAYS(FC19,$Q$2)) | FC19: =IF(FA19="","",FA19+($G19*365)) | FE19: =IF(FF19="","",_xlfn.DAYS(FF19,$Q$2)) | FF19: =IF(FD19="","",FD19+($G19*365)) | FH19: =IF(FI19="","",_xlfn.DAYS(FI19,$Q$2)) | FI19: =IF(FG19="","",FG19+($G19*365)) | FK19: =IF(FL19="","",_xlfn.DAYS(FL19,$Q$2)) | FL19: =IF(FJ19="","",FJ19+($G19*365)) | FN19: =IF(FO19="","",_xlfn.DAYS(FO19,$Q$2)) | FO19: =IF(FM19="","",FM19+($G19*365)) | FQ19: =IF(FR19="","",_xlfn.DAYS(FR19,$Q$2)) | FR19: =IF(FP19 = "", "",FP19+($G19*365)) | FT19: =IF(FU19="","",_xlfn.DAYS(FU19,$Q$2)) | FU19: =IF(FS19="","",FS19+($G19*365))
A20: =IF(E20="","",E20*$GA$7) -> 1 | B20: P007559-005 | C20: 185 | D20: =IF(A20="","",A20*C20) -> 185 | E20: 1 | G20: 1 | H20: Software - VMWare vCenter Server Foundation for vSphere v.7 | I20: =IF(COUNTIFS($Q20:$BD20,">270")=0,"",COUNTIFS($Q20:$BD20,">270")) | J20: =IF(COUNTIFS($Q20:$BD20,"<=270")>0,IF(COUNTIFS($Q20:$BD20,"<=270")-COUNTIFS($Q20:$BD20,"<=180")=0,"",COUNTIFS($Q20:$BD20,"<=270")-COUNTIFS($Q20:$BD20,"<=180")),"") | K20: =IF(COUNTIFS($Q20:$BD20,"<=180")>0,IF(COUNTIFS($Q20:$BD20,"<=180")-COUNTIFS($Q20:$BD20,"<=120")=0,"",COUNTIFS($Q20:$BD20,"<=180")-COUNTIFS($Q20:$BD20,"<=120")),"") | L20: =IF(COUNTIFS($Q20:$BD20,"<=120")>0,IF(COUNTIFS($Q20:$BD20,"<=120")-COUNTIFS($Q20:$BD20,"<=90")=0,"",COUNTIFS($Q20:$BD20,"<=120")-COUNTIFS($Q20:$BD20,"<=90")),"") | M20: =IF(COUNTIFS($Q20:$BD20,"<=90")>0,IF(COUNTIFS($Q20:$BD20,"<=90")-COUNTIFS($Q20:$BD20,"<=60")=0,"",COUNTIFS($Q20:$BD20,"<=90")-COUNTIFS($Q20:$BD20,"<=60")),"") | N20: =IF(COUNTIFS($Q20:$BD20,"<=60")>0,IF(COUNTIFS($Q20:$BD20,"<=60")-COUNTIFS($Q20:$BD20,"<=30")=0,"",COUNTIFS($Q20:$BD20,"<=60")-COUNTIFS($Q20:$BD20,"<=30")),"") | O20: =IF(COUNTIFS($Q20:$BD20,"<=30")>0,IF(COUNTIFS($Q20:$BD20,"<=30")-COUNTIFS($Q20:$BD20,"<=0")=0,"",COUNTIFS($Q20:$BD20,"<=30")-COUNTIFS($Q20:$BD20,"<=0")),"") -> 1 | P20: =IF(COUNTIFS($Q20:$BD20,"<=0")=0,"",COUNTIFS($Q20:$BD20,"<=0")) | Q20: =IF($S$2>0,IF(BG20="","",BG20),"") -> 10 | R20: =IF($S$2>1,IF(BJ20="","",BJ20),"") | S20: =IF($S$2>2,IF(BM20="","",BM20),"") | T20: =IF($S$2>3,IF(BP20="","",BP20),"") | U20: =IF($S$2>4,IF(BS20="","",BS20),"") | V20: =IF($S$2>5,IF(BV20="","",BV20),"") | W20: =IF($S$2>6,IF(BY20="","",BY20),"") | X20: =IF($S$2>7,IF(CB20="","",CB20),"") | Y20: =IF($S$2>8,IF(CE20="","",CE20),"") | Z20: =IF($S$2>9,IF(CH20="","",CH20),"") | AA20: =IF($S$2>10,IF(CK20="","",CK20),"") | AB20: =IF($S$2>11,IF(CN20="","",CN20),"") | AC20: =IF($S$2>12,IF(CQ20="","",CQ20),"") | AD20: =IF($S$2>13,IF(CT20="","",CT20),"") | AE20: =IF($S$2>14,IF(CW20="","",CW20),"") | AF20: =IF($S$2>15,IF(CZ20="","",CZ20),"") | AG20: =IF($S$2>16,IF(DC20="","",DC20),"") | AH20: =IF($S$2>17,IF(DF20="","",DF20),"") | AI20: =IF($S$2>18,IF(DI20 = "","",DI20),"") | AJ20: =IF($S$2>19,IF(DL20="","",DL20),"") | AK20: =IF($S$2>20,IF(DO20="","",DO20),"") | AL20: =IF($S$2>21,IF(DR20="","",DR20),"") | AM20: =IF($S$2>22,IF(DU20="","",DU20),"") | AN20: =IF($S$2>23,IF(DX20="","",DX20),"") | AO20: =IF($S$2>24,IF(EA20="","",EA20),"") | AP20: =IF($S$2>25,IF(ED20="","",ED20),"") | AQ20: =IF($S$2>26,IF(EG20="","",EG20),"") | AR20: =IF($S$2>27,IF(EJ20="","",EJ20),"") | AS20: =IF($S$2>28,IF(EM20="","",EM20),"") | AT20: =IF($S$2>29,IF(EP20 = "", "", EP20),"") | AU20: =IF($S$2>30,IF(ES20="","",ES20),"") | AV20: =IF($S$2>31,IF(EV20="","",EV20),"") | AW20: =IF($S$2>32,IF(EY20="","",EY20),"") | AX20: =IF($S$2>33,IF(FB20="","",FB20),"") | AY20: =IF($S$2>34,IF(FE20="","",FE20),"") | AZ20: =IF($S$2>35,IF(FH20="","",FH20),"") | BA20: =IF($S$2>36,IF(FK20="","",FK20),"") | BB20: =IF($S$2>37,IF(FN20="","",FN20),"") | BC20: =IF($S$2>38,IF(FQ20="","",FQ20),"") | BD20: =IF($S$2>39,IF(FT20="","",FT20),"") | BE20: =IF($S$2>40,IF(FW20="","",FW20),"") | BF20: 45576 | BG20: =IF(BH20="","",_xlfn.DAYS(BH20,$Q$2)) -> 10 | BH20: =IF(BF20="","",BF20+($G20*365)) -> 45941 | BJ20: =IF(BK20="","",_xlfn.DAYS(BK20,$Q$2)) | BK20: =IF(BI20="","",BI20+($G20*365)) | BM20: =IF(BN20="","",_xlfn.DAYS(BN20,$Q$2)) | BN20: =IF(BL20="","",BL20+($G20*365)) | BP20: =IF(BQ20="","",_xlfn.DAYS(BQ20,$Q$2)) | BQ20: =IF(BO20="","",BO20+($G20*365)) | BS20: =IF(BT20="","",_xlfn.DAYS(BT20,$Q$2)) | BT20: =IF(BR20="","",BR20+($G20*365)) | BV20: =IF(BW20="","",_xlfn.DAYS(BW20,$Q$2)) | BW20: =IF(BU20="","",BU20+($G20*365)) | BY20: =IF(BZ20="","",_xlfn.DAYS(BZ20,$Q$2)) | BZ20: =IF(BX20="","",BX20+($G20*365)) | CB20: =IF(CC20="","",_xlfn.DAYS(CC20,$Q$2)) | CC20: =IF(CA20="","",CA20+($G20*365)) | CE20: =IF(CF20="","",_xlfn.DAYS(CF20,$Q$2)) | CF20: =IF(CD20="","",CD20+($G20*365)) | CH20: =IF(CI20="","",_xlfn.DAYS(CI20,$Q$2)) | CI20: =IF(CG20="","",CG20+($G20*365)) | CK20: =IF(CL20="","",_xlfn.DAYS(CL20,$Q$2)) | CL20: =IF(CJ20="","",CJ20+($G20*365)) | CN20: =IF(CO20="","",_xlfn.DAYS(CO20,$Q$2)) | CO20: =IF(CM20="","",CM20+($G20*365)) | CQ20: =IF(CR20="","",_xlfn.DAYS(CR20,$Q$2)) | CR20: =IF(CP20="","",CP20+($G20*365)) | CT20: =IF(CU20="","",_xlfn.DAYS(CU20,$Q$2)) | CU20: =IF(CS20="","",CS20+($G20*365)) | CW20: =IF(CX20="","",_xlfn.DAYS(CX20,$Q$2)) | CX20: =IF(CV20="","",CV20+($G20*365)) | CZ20: =IF(DA20="","",_xlfn.DAYS(DA20,$Q$2)) | DA20: =IF(CY20="","",CY20+($G20*365)) | DC20: =IF(DD20="","",_xlfn.DAYS(DD20,$Q$2)) | DD20: =IF(DB20="","",DB20+($G20*365)) | DF20: =IF(DG20="","",_xlfn.DAYS(DG20,$Q$2)) | DG20: =IF(DE20="","",DE20+($G20*365)) | DI20: =IF(DJ20="","",_xlfn.DAYS(DJ20,$Q$2)) | DJ20: =IF(DH20="","",DH20+($G20*365)) | DL20: =IF(DM20="","",_xlfn.DAYS(DM20,$Q$2)) | DM20: =IF(DK20="","",DK20+($G20*365)) | DO20: =IF(DP20="","",_xlfn.DAYS(DP20,$Q$2)) | DP20: =IF(DN20="","",DN20+($G20*365)) | DR20: =IF(DS20="","",_xlfn.DAYS(DS20,$Q$2)) | DS20: =IF(DQ20="","",DQ20+($G20*365)) | DU20: =IF(DV20="","",_xlfn.DAYS(DV20,$Q$2)) | DV20: =IF(DT20="","",DT20+($G20*365)) | DX20: =IF(DY20="","",_xlfn.DAYS(DY20,$Q$2)) | DY20: =IF(DW20="","",DW20+($G20*365)) | EA20: =IF(EB20="","",_xlfn.DAYS(EB20,$Q$2)) | EB20: =IF(DZ20="","",DZ20+($G20*365)) | ED20: =IF(EE20="","",_xlfn.DAYS(EE20,$Q$2)) | EE20: =IF(EC20="","",EC20+($G20*365)) | EG20: =IF(EH20="","",_xlfn.DAYS(EH20,$Q$2)) | EH20: =IF(EF20="","",EF20+($G20*365)) | EJ20: =IF(EK20="","",_xlfn.DAYS(EK20,$Q$2)) | EK20: =IF(EI20="","",EI20+($G20*365)) | EM20: =IF(EN20="","",_xlfn.DAYS(EN20,$Q$2)) | EN20: =IF(EL20="","",EL20+($G20*365)) | EP20: =IF(EQ20="","",_xlfn.DAYS(EQ20,$Q$2)) | EQ20: =IF(EO20="","",EO20+($G20*365)) | ES20: =IF(ET20="","",_xlfn.DAYS(ET20,$Q$2)) | ET20: =IF(ER20="","",ER20+($G20*365)) | EV20: =IF(EW20="","",_xlfn.DAYS(EW20,$Q$2)) | EW20: =IF(EU20="","",EU20+($G20*365)) | EY20: =IF(EZ20="","",_xlfn.DAYS(EZ20,$Q$2)) | EZ20: =IF(EX20="","",EX20+($G20*365)) | FB20: =IF(FC20="","",_xlfn.DAYS(FC20,$Q$2)) | FC20: =IF(FA20="","",FA20+($G20*365)) | FE20: =IF(FF20="","",_xlfn.DAYS(FF20,$Q$2)) | FF20: =IF(FD20="","",FD20+($G20*365)) | FH20: =IF(FI20="","",_xlfn.DAYS(FI20,$Q$2)) | FI20: =IF(FG20="","",FG20+($G20*365)) | FK20: =IF(FL20="","",_xlfn.DAYS(FL20,$Q$2)) | FL20: =IF(FJ20="","",FJ20+($G20*365)) | FN20: =IF(FO20="","",_xlfn.DAYS(FO20,$Q$2)) | FO20: =IF(FM20="","",FM20+($G20*365)) | FQ20: =IF(FR20="","",_xlfn.DAYS(FR20,$Q$2)) | FR20: =IF(FP20 = "", "",FP20+($G20*365)) | FT20: =IF(FU20="","",_xlfn.DAYS(FU20,$Q$2)) | FU20: =IF(FS20="","",FS20+($G20*365))
A21: =IF(E21="","",E21*$GA$7) -> 1 | B21: P006140-011 | C21: 3002.51 | D21: =IF(A21="","",A21*C21) -> 3002.51 | E21: 1 | G21: 1 | H21: Software Maintenance - vCenter Server Foundation for vSphere | I21: =IF(COUNTIFS($Q21:$BD21,">270")=0,"",COUNTIFS($Q21:$BD21,">270")) | J21: =IF(COUNTIFS($Q21:$BD21,"<=270")>0,IF(COUNTIFS($Q21:$BD21,"<=270")-COUNTIFS($Q21:$BD21,"<=180")=0,"",COUNTIFS($Q21:$BD21,"<=270")-COUNTIFS($Q21:$BD21,"<=180")),"") | K21: =IF(COUNTIFS($Q21:$BD21,"<=180")>0,IF(COUNTIFS($Q21:$BD21,"<=180")-COUNTIFS($Q21:$BD21,"<=120")=0,"",COUNTIFS($Q21:$BD21,"<=180")-COUNTIFS($Q21:$BD21,"<=120")),"") | L21: =IF(COUNTIFS($Q21:$BD21,"<=120")>0,IF(COUNTIFS($Q21:$BD21,"<=120")-COUNTIFS($Q21:$BD21,"<=90")=0,"",COUNTIFS($Q21:$BD21,"<=120")-COUNTIFS($Q21:$BD21,"<=90")),"") | M21: =IF(COUNTIFS($Q21:$BD21,"<=90")>0,IF(COUNTIFS($Q21:$BD21,"<=90")-COUNTIFS($Q21:$BD21,"<=60")=0,"",COUNTIFS($Q21:$BD21,"<=90")-COUNTIFS($Q21:$BD21,"<=60")),"") | N21: =IF(COUNTIFS($Q21:$BD21,"<=60")>0,IF(COUNTIFS($Q21:$BD21,"<=60")-COUNTIFS($Q21:$BD21,"<=30")=0,"",COUNTIFS($Q21:$BD21,"<=60")-COUNTIFS($Q21:$BD21,"<=30")),"") | O21: =IF(COUNTIFS($Q21:$BD21,"<=30")>0,IF(COUNTIFS($Q21:$BD21,"<=30")-COUNTIFS($Q21:$BD21,"<=0")=0,"",COUNTIFS($Q21:$BD21,"<=30")-COUNTIFS($Q21:$BD21,"<=0")),"") -> 1 | P21: =IF(COUNTIFS($Q21:$BD21,"<=0")=0,"",COUNTIFS($Q21:$BD21,"<=0")) | Q21: =IF($S$2>0,IF(BG21="","",BG21),"") -> 10 | R21: =IF($S$2>1,IF(BJ21="","",BJ21),"") | S21: =IF($S$2>2,IF(BM21="","",BM21),"") | T21: =IF($S$2>3,IF(BP21="","",BP21),"") | U21: =IF($S$2>4,IF(BS21="","",BS21),"") | V21: =IF($S$2>5,IF(BV21="","",BV21),"") | W21: =IF($S$2>6,IF(BY21="","",BY21),"") | X21: =IF($S$2>7,IF(CB21="","",CB21),"") | Y21: =IF($S$2>8,IF(CE21="","",CE21),"") | Z21: =IF($S$2>9,IF(CH21="","",CH21),"") | AA21: =IF($S$2>10,IF(CK21="","",CK21),"") | AB21: =IF($S$2>11,IF(CN21="","",CN21),"") | AC21: =IF($S$2>12,IF(CQ21="","",CQ21),"") | AD21: =IF($S$2>13,IF(CT21="","",CT21),"") | AE21: =IF($S$2>14,IF(CW21="","",CW21),"") | AF21: =IF($S$2>15,IF(CZ21="","",CZ21),"") | AG21: =IF($S$2>16,IF(DC21="","",DC21),"") | AH21: =IF($S$2>17,IF(DF21="","",DF21),"") | AI21: =IF($S$2>18,IF(DI21 = "","",DI21),"") | AJ21: =IF($S$2>19,IF(DL21="","",DL21),"") | AK21: =IF($S$2>20,IF(DO21="","",DO21),"") | AL21: =IF($S$2>21,IF(DR21="","",DR21),"") | AM21: =IF($S$2>22,IF(DU21="","",DU21),"") | AN21: =IF($S$2>23,IF(DX21="","",DX21),"") | AO21: =IF($S$2>24,IF(EA21="","",EA21),"") | AP21: =IF($S$2>25,IF(ED21="","",ED21),"") | AQ21: =IF($S$2>26,IF(EG21="","",EG21),"") | AR21: =IF($S$2>27,IF(EJ21="","",EJ21),"") | AS21: =IF($S$2>28,IF(EM21="","",EM21),"") | AT21: =IF($S$2>29,IF(EP21 = "", "", EP21),"") | AU21: =IF($S$2>30,IF(ES21="","",ES21),"") | AV21: =IF($S$2>31,IF(EV21="","",EV21),"") | AW21: =IF($S$2>32,IF(EY21="","",EY21),"") | AX21: =IF($S$2>33,IF(FB21="","",FB21),"") | AY21: =IF($S$2>34,IF(FE21="","",FE21),"") | AZ21: =IF($S$2>35,IF(FH21="","",FH21),"") | BA21: =IF($S$2>36,IF(FK21="","",FK21),"") | BB21: =IF($S$2>37,IF(FN21="","",FN21),"") | BC21: =IF($S$2>38,IF(FQ21="","",FQ21),"") | BD21: =IF($S$2>39,IF(FT21="","",FT21),"") | BE21: =IF($S$2>40,IF(FW21="","",FW21),"") | BF21: 45576 | BG21: =IF(BH21="","",_xlfn.DAYS(BH21,$Q$2)) -> 10 | BH21: =IF(BF21="","",BF21+($G21*365)) -> 45941 | BJ21: =IF(BK21="","",_xlfn.DAYS(BK21,$Q$2)) | BK21: =IF(BI21="","",BI21+($G21*365)) | BM21: =IF(BN21="","",_xlfn.DAYS(BN21,$Q$2)) | BN21: =IF(BL21="","",BL21+($G21*365)) | BP21: =IF(BQ21="","",_xlfn.DAYS(BQ21,$Q$2)) | BQ21: =IF(BO21="","",BO21+($G21*365)) | BS21: =IF(BT21="","",_xlfn.DAYS(BT21,$Q$2)) | BT21: =IF(BR21="","",BR21+($G21*365)) | BV21: =IF(BW21="","",_xlfn.DAYS(BW21,$Q$2)) | BW21: =IF(BU21="","",BU21+($G21*365)) | BY21: =IF(BZ21="","",_xlfn.DAYS(BZ21,$Q$2)) | BZ21: =IF(BX21="","",BX21+($G21*365)) | CB21: =IF(CC21="","",_xlfn.DAYS(CC21,$Q$2)) | CC21: =IF(CA21="","",CA21+($G21*365)) | CE21: =IF(CF21="","",_xlfn.DAYS(CF21,$Q$2)) | CF21: =IF(CD21="","",CD21+($G21*365)) | CH21: =IF(CI21="","",_xlfn.DAYS(CI21,$Q$2)) | CI21: =IF(CG21="","",CG21+($G21*365)) | CK21: =IF(CL21="","",_xlfn.DAYS(CL21,$Q$2)) | CL21: =IF(CJ21="","",CJ21+($G21*365)) | CN21: =IF(CO21="","",_xlfn.DAYS(CO21,$Q$2)) | CO21: =IF(CM21="","",CM21+($G21*365)) | CQ21: =IF(CR21="","",_xlfn.DAYS(CR21,$Q$2)) | CR21: =IF(CP21="","",CP21+($G21*365)) | CT21: =IF(CU21="","",_xlfn.DAYS(CU21,$Q$2)) | CU21: =IF(CS21="","",CS21+($G21*365)) | CW21: =IF(CX21="","",_xlfn.DAYS(CX21,$Q$2)) | CX21: =IF(CV21="","",CV21+($G21*365)) | CZ21: =IF(DA21="","",_xlfn.DAYS(DA21,$Q$2)) | DA21: =IF(CY21="","",CY21+($G21*365)) | DC21: =IF(DD21="","",_xlfn.DAYS(DD21,$Q$2)) | DD21: =IF(DB21="","",DB21+($G21*365)) | DF21: =IF(DG21="","",_xlfn.DAYS(DG21,$Q$2)) | DG21: =IF(DE21="","",DE21+($G21*365)) | DI21: =IF(DJ21="","",_xlfn.DAYS(DJ21,$Q$2)) | DJ21: =IF(DH21="","",DH21+($G21*365)) | DL21: =IF(DM21="","",_xlfn.DAYS(DM21,$Q$2)) | DM21: =IF(DK21="","",DK21+($G21*365)) | DO21: =IF(DP21="","",_xlfn.DAYS(DP21,$Q$2)) | DP21: =IF(DN21="","",DN21+($G21*365)) | DR21: =IF(DS21="","",_xlfn.DAYS(DS21,$Q$2)) | DS21: =IF(DQ21="","",DQ21+($G21*365)) | DU21: =IF(DV21="","",_xlfn.DAYS(DV21,$Q$2)) | DV21: =IF(DT21="","",DT21+($G21*365)) | DX21: =IF(DY21="","",_xlfn.DAYS(DY21,$Q$2)) | DY21: =IF(DW21="","",DW21+($G21*365)) | EA21: =IF(EB21="","",_xlfn.DAYS(EB21,$Q$2)) | EB21: =IF(DZ21="","",DZ21+($G21*365)) | ED21: =IF(EE21="","",_xlfn.DAYS(EE21,$Q$2)) | EE21: =IF(EC21="","",EC21+($G21*365)) | EG21: =IF(EH21="","",_xlfn.DAYS(EH21,$Q$2)) | EH21: =IF(EF21="","",EF21+($G21*365)) | EJ21: =IF(EK21="","",_xlfn.DAYS(EK21,$Q$2)) | EK21: =IF(EI21="","",EI21+($G21*365)) | EM21: =IF(EN21="","",_xlfn.DAYS(EN21,$Q$2)) | EN21: =IF(EL21="","",EL21+($G21*365)) | EP21: =IF(EQ21="","",_xlfn.DAYS(EQ21,$Q$2)) | EQ21: =IF(EO21="","",EO21+($G21*365)) | ES21: =IF(ET21="","",_xlfn.DAYS(ET21,$Q$2)) | ET21: =IF(ER21="","",ER21+($G21*365)) | EV21: =IF(EW21="","",_xlfn.DAYS(EW21,$Q$2)) | EW21: =IF(EU21="","",EU21+($G21*365)) | EY21: =IF(EZ21="","",_xlfn.DAYS(EZ21,$Q$2)) | EZ21: =IF(EX21="","",EX21+($G21*365)) | FB21: =IF(FC21="","",_xlfn.DAYS(FC21,$Q$2)) | FC21: =IF(FA21="","",FA21+($G21*365)) | FE21: =IF(FF21="","",_xlfn.DAYS(FF21,$Q$2)) | FF21: =IF(FD21="","",FD21+($G21*365)) | FH21: =IF(FI21="","",_xlfn.DAYS(FI21,$Q$2)) | FI21: =IF(FG21="","",FG21+($G21*365)) | FK21: =IF(FL21="","",_xlfn.DAYS(FL21,$Q$2)) | FL21: =IF(FJ21="","",FJ21+($G21*365)) | FN21: =IF(FO21="","",_xlfn.DAYS(FO21,$Q$2)) | FO21: =IF(FM21="","",FM21+($G21*365)) | FQ21: =IF(FR21="","",_xlfn.DAYS(FR21,$Q$2)) | FR21: =IF(FP21 = "", "",FP21+($G21*365)) | FT21: =IF(FU21="","",_xlfn.DAYS(FU21,$Q$2)) | FU21: =IF(FS21="","",FS21+($G21*365))
A22: =IF(E22="","",E22*$GA$7) -> 1 | B22: P007559-005 | C22: 1187.46 | D22: =IF(A22="","",A22*C22) -> 1187.46 | E22: 1 | G22: 1 | H22: Software Maintenance - VMWare vSAN Advanced | I22: =IF(COUNTIFS($Q22:$BD22,">270")=0,"",COUNTIFS($Q22:$BD22,">270")) | J22: =IF(COUNTIFS($Q22:$BD22,"<=270")>0,IF(COUNTIFS($Q22:$BD22,"<=270")-COUNTIFS($Q22:$BD22,"<=180")=0,"",COUNTIFS($Q22:$BD22,"<=270")-COUNTIFS($Q22:$BD22,"<=180")),"") | K22: =IF(COUNTIFS($Q22:$BD22,"<=180")>0,IF(COUNTIFS($Q22:$BD22,"<=180")-COUNTIFS($Q22:$BD22,"<=120")=0,"",COUNTIFS($Q22:$BD22,"<=180")-COUNTIFS($Q22:$BD22,"<=120")),"") | L22: =IF(COUNTIFS($Q22:$BD22,"<=120")>0,IF(COUNTIFS($Q22:$BD22,"<=120")-COUNTIFS($Q22:$BD22,"<=90")=0,"",COUNTIFS($Q22:$BD22,"<=120")-COUNTIFS($Q22:$BD22,"<=90")),"") | M22: =IF(COUNTIFS($Q22:$BD22,"<=90")>0,IF(COUNTIFS($Q22:$BD22,"<=90")-COUNTIFS($Q22:$BD22,"<=60")=0,"",COUNTIFS($Q22:$BD22,"<=90")-COUNTIFS($Q22:$BD22,"<=60")),"") | N22: =IF(COUNTIFS($Q22:$BD22,"<=60")>0,IF(COUNTIFS($Q22:$BD22,"<=60")-COUNTIFS($Q22:$BD22,"<=30")=0,"",COUNTIFS($Q22:$BD22,"<=60")-COUNTIFS($Q22:$BD22,"<=30")),"") | O22: =IF(COUNTIFS($Q22:$BD22,"<=30")>0,IF(COUNTIFS($Q22:$BD22,"<=30")-COUNTIFS($Q22:$BD22,"<=0")=0,"",COUNTIFS($Q22:$BD22,"<=30")-COUNTIFS($Q22:$BD22,"<=0")),"") -> 1 | P22: =IF(COUNTIFS($Q22:$BD22,"<=0")=0,"",COUNTIFS($Q22:$BD22,"<=0")) | Q22: =IF($S$2>0,IF(BG22="","",BG22),"") -> 10 | R22: =IF($S$2>1,IF(BJ22="","",BJ22),"") | S22: =IF($S$2>2,IF(BM22="","",BM22),"") | T22: =IF($S$2>3,IF(BP22="","",BP22),"") | U22: =IF($S$2>4,IF(BS22="","",BS22),"") | V22: =IF($S$2>5,IF(BV22="","",BV22),"") | W22: =IF($S$2>6,IF(BY22="","",BY22),"") | X22: =IF($S$2>7,IF(CB22="","",CB22),"") | Y22: =IF($S$2>8,IF(CE22="","",CE22),"") | Z22: =IF($S$2>9,IF(CH22="","",CH22),"") | AA22: =IF($S$2>10,IF(CK22="","",CK22),"") | AB22: =IF($S$2>11,IF(CN22="","",CN22),"") | AC22: =IF($S$2>12,IF(CQ22="","",CQ22),"") | AD22: =IF($S$2>13,IF(CT22="","",CT22),"") | AE22: =IF($S$2>14,IF(CW22="","",CW22),"") | AF22: =IF($S$2>15,IF(CZ22="","",CZ22),"") | AG22: =IF($S$2>16,IF(DC22="","",DC22),"") | AH22: =IF($S$2>17,IF(DF22="","",DF22),"") | AI22: =IF($S$2>18,IF(DI22 = "","",DI22),"") | AJ22: =IF($S$2>19,IF(DL22="","",DL22),"") | AK22: =IF($S$2>20,IF(DO22="","",DO22),"") | AL22: =IF($S$2>21,IF(DR22="","",DR22),"") | AM22: =IF($S$2>22,IF(DU22="","",DU22),"") | AN22: =IF($S$2>23,IF(DX22="","",DX22),"") | AO22: =IF($S$2>24,IF(EA22="","",EA22),"") | AP22: =IF($S$2>25,IF(ED22="","",ED22),"") | AQ22: =IF($S$2>26,IF(EG22="","",EG22),"") | AR22: =IF($S$2>27,IF(EJ22="","",EJ22),"") | AS22: =IF($S$2>28,IF(EM22="","",EM22),"") | AT22: =IF($S$2>29,IF(EP22 = "", "", EP22),"") | AU22: =IF($S$2>30,IF(ES22="","",ES22),"") | AV22: =IF($S$2>31,IF(EV22="","",EV22),"") | AW22: =IF($S$2>32,IF(EY22="","",EY22),"") | AX22: =IF($S$2>33,IF(FB22="","",FB22),"") | AY22: =IF($S$2>34,IF(FE22="","",FE22),"") | AZ22: =IF($S$2>35,IF(FH22="","",FH22),"") | BA22: =IF($S$2>36,IF(FK22="","",FK22),"") | BB22: =IF($S$2>37,IF(FN22="","",FN22),"") | BC22: =IF($S$2>38,IF(FQ22="","",FQ22),"") | BD22: =IF($S$2>39,IF(FT22="","",FT22),"") | BE22: =IF($S$2>40,IF(FW22="","",FW22),"") | BF22: 45576 | BG22: =IF(BH22="","",_xlfn.DAYS(BH22,$Q$2)) -> 10 | BH22: =IF(BF22="","",BF22+($G22*365)) -> 45941 | BJ22: =IF(BK22="","",_xlfn.DAYS(BK22,$Q$2)) | BK22: =IF(BI22="","",BI22+($G22*365)) | BM22: =IF(BN22="","",_xlfn.DAYS(BN22,$Q$2)) | BN22: =IF(BL22="","",BL22+($G22*365)) | BP22: =IF(BQ22="","",_xlfn.DAYS(BQ22,$Q$2)) | BQ22: =IF(BO22="","",BO22+($G22*365)) | BS22: =IF(BT22="","",_xlfn.DAYS(BT22,$Q$2)) | BT22: =IF(BR22="","",BR22+($G22*365)) | BV22: =IF(BW22="","",_xlfn.DAYS(BW22,$Q$2)) | BW22: =IF(BU22="","",BU22+($G22*365)) | BY22: =IF(BZ22="","",_xlfn.DAYS(BZ22,$Q$2)) | BZ22: =IF(BX22="","",BX22+($G22*365)) | CB22: =IF(CC22="","",_xlfn.DAYS(CC22,$Q$2)) | CC22: =IF(CA22="","",CA22+($G22*365)) | CE22: =IF(CF22="","",_xlfn.DAYS(CF22,$Q$2)) | CF22: =IF(CD22="","",CD22+($G22*365)) | CH22: =IF(CI22="","",_xlfn.DAYS(CI22,$Q$2)) | CI22: =IF(CG22="","",CG22+($G22*365)) | CK22: =IF(CL22="","",_xlfn.DAYS(CL22,$Q$2)) | CL22: =IF(CJ22="","",CJ22+($G22*365)) | CN22: =IF(CO22="","",_xlfn.DAYS(CO22,$Q$2)) | CO22: =IF(CM22="","",CM22+($G22*365)) | CQ22: =IF(CR22="","",_xlfn.DAYS(CR22,$Q$2)) | CR22: =IF(CP22="","",CP22+($G22*365)) | CT22: =IF(CU22="","",_xlfn.DAYS(CU22,$Q$2)) | CU22: =IF(CS22="","",CS22+($G22*365)) | CW22: =IF(CX22="","",_xlfn.DAYS(CX22,$Q$2)) | CX22: =IF(CV22="","",CV22+($G22*365)) | CZ22: =IF(DA22="","",_xlfn.DAYS(DA22,$Q$2)) | DA22: =IF(CY22="","",CY22+($G22*365)) | DC22: =IF(DD22="","",_xlfn.DAYS(DD22,$Q$2)) | DD22: =IF(DB22="","",DB22+($G22*365)) | DF22: =IF(DG22="","",_xlfn.DAYS(DG22,$Q$2)) | DG22: =IF(DE22="","",DE22+($G22*365)) | DI22: =IF(DJ22="","",_xlfn.DAYS(DJ22,$Q$2)) | DJ22: =IF(DH22="","",DH22+($G22*365)) | DL22: =IF(DM22="","",_xlfn.DAYS(DM22,$Q$2)) | DM22: =IF(DK22="","",DK22+($G22*365)) | DO22: =IF(DP22="","",_xlfn.DAYS(DP22,$Q$2)) | DP22: =IF(DN22="","",DN22+($G22*365)) | DR22: =IF(DS22="","",_xlfn.DAYS(DS22,$Q$2)) | DS22: =IF(DQ22="","",DQ22+($G22*365)) | DU22: =IF(DV22="","",_xlfn.DAYS(DV22,$Q$2)) | DV22: =IF(DT22="","",DT22+($G22*365)) | DX22: =IF(DY22="","",_xlfn.DAYS(DY22,$Q$2)) | DY22: =IF(DW22="","",DW22+($G22*365)) | EA22: =IF(EB22="","",_xlfn.DAYS(EB22,$Q$2)) | EB22: =IF(DZ22="","",DZ22+($G22*365)) | ED22: =IF(EE22="","",_xlfn.DAYS(EE22,$Q$2)) | EE22: =IF(EC22="","",EC22+($G22*365)) | EG22: =IF(EH22="","",_xlfn.DAYS(EH22,$Q$2)) | EH22: =IF(EF22="","",EF22+($G22*365)) | EJ22: =IF(EK22="","",_xlfn.DAYS(EK22,$Q$2)) | EK22: =IF(EI22="","",EI22+($G22*365)) | EM22: =IF(EN22="","",_xlfn.DAYS(EN22,$Q$2)) | EN22: =IF(EL22="","",EL22+($G22*365)) | EP22: =IF(EQ22="","",_xlfn.DAYS(EQ22,$Q$2)) | EQ22: =IF(EO22="","",EO22+($G22*365)) | ES22: =IF(ET22="","",_xlfn.DAYS(ET22,$Q$2)) | ET22: =IF(ER22="","",ER22+($G22*365)) | EV22: =IF(EW22="","",_xlfn.DAYS(EW22,$Q$2)) | EW22: =IF(EU22="","",EU22+($G22*365)) | EY22: =IF(EZ22="","",_xlfn.DAYS(EZ22,$Q$2)) | EZ22: =IF(EX22="","",EX22+($G22*365)) | FB22: =IF(FC22="","",_xlfn.DAYS(FC22,$Q$2)) | FC22: =IF(FA22="","",FA22+($G22*365)) | FE22: =IF(FF22="","",_xlfn.DAYS(FF22,$Q$2)) | FF22: =IF(FD22="","",FD22+($G22*365)) | FH22: =IF(FI22="","",_xlfn.DAYS(FI22,$Q$2)) | FI22: =IF(FG22="","",FG22+($G22*365)) | FK22: =IF(FL22="","",_xlfn.DAYS(FL22,$Q$2)) | FL22: =IF(FJ22="","",FJ22+($G22*365)) | FN22: =IF(FO22="","",_xlfn.DAYS(FO22,$Q$2)) | FO22: =IF(FM22="","",FM22+($G22*365)) | FQ22: =IF(FR22="","",_xlfn.DAYS(FR22,$Q$2)) | FR22: =IF(FP22 = "", "",FP22+($G22*365)) | FT22: =IF(FU22="","",_xlfn.DAYS(FU22,$Q$2)) | FU22: =IF(FS22="","",FS22+($G22*365))
A23: =IF(E23="","",E23*$GA$7) -> 8 | B23: P011017-002 | C23: 981 | D23: =IF(A23="","",A23*C23) -> 7848 | E23: 8 | G23: 1 | H23: Software Maintenance - Horizon Enterprise Edition v.7 | I23: =IF(COUNTIFS($Q23:$BD23,">270")=0,"",COUNTIFS($Q23:$BD23,">270")) | J23: =IF(COUNTIFS($Q23:$BD23,"<=270")>0,IF(COUNTIFS($Q23:$BD23,"<=270")-COUNTIFS($Q23:$BD23,"<=180")=0,"",COUNTIFS($Q23:$BD23,"<=270")-COUNTIFS($Q23:$BD23,"<=180")),"") | K23: =IF(COUNTIFS($Q23:$BD23,"<=180")>0,IF(COUNTIFS($Q23:$BD23,"<=180")-COUNTIFS($Q23:$BD23,"<=120")=0,"",COUNTIFS($Q23:$BD23,"<=180")-COUNTIFS($Q23:$BD23,"<=120")),"") | L23: =IF(COUNTIFS($Q23:$BD23,"<=120")>0,IF(COUNTIFS($Q23:$BD23,"<=120")-COUNTIFS($Q23:$BD23,"<=90")=0,"",COUNTIFS($Q23:$BD23,"<=120")-COUNTIFS($Q23:$BD23,"<=90")),"") | M23: =IF(COUNTIFS($Q23:$BD23,"<=90")>0,IF(COUNTIFS($Q23:$BD23,"<=90")-COUNTIFS($Q23:$BD23,"<=60")=0,"",COUNTIFS($Q23:$BD23,"<=90")-COUNTIFS($Q23:$BD23,"<=60")),"") | N23: =IF(COUNTIFS($Q23:$BD23,"<=60")>0,IF(COUNTIFS($Q23:$BD23,"<=60")-COUNTIFS($Q23:$BD23,"<=30")=0,"",COUNTIFS($Q23:$BD23,"<=60")-COUNTIFS($Q23:$BD23,"<=30")),"") | O23: =IF(COUNTIFS($Q23:$BD23,"<=30")>0,IF(COUNTIFS($Q23:$BD23,"<=30")-COUNTIFS($Q23:$BD23,"<=0")=0,"",COUNTIFS($Q23:$BD23,"<=30")-COUNTIFS($Q23:$BD23,"<=0")),"") -> 1 | P23: =IF(COUNTIFS($Q23:$BD23,"<=0")=0,"",COUNTIFS($Q23:$BD23,"<=0")) | Q23: =IF($S$2>0,IF(BG23="","",BG23),"") -> 10 | R23: =IF($S$2>1,IF(BJ23="","",BJ23),"") | S23: =IF($S$2>2,IF(BM23="","",BM23),"") | T23: =IF($S$2>3,IF(BP23="","",BP23),"") | U23: =IF($S$2>4,IF(BS23="","",BS23),"") | V23: =IF($S$2>5,IF(BV23="","",BV23),"") | W23: =IF($S$2>6,IF(BY23="","",BY23),"") | X23: =IF($S$2>7,IF(CB23="","",CB23),"") | Y23: =IF($S$2>8,IF(CE23="","",CE23),"") | Z23: =IF($S$2>9,IF(CH23="","",CH23),"") | AA23: =IF($S$2>10,IF(CK23="","",CK23),"") | AB23: =IF($S$2>11,IF(CN23="","",CN23),"") | AC23: =IF($S$2>12,IF(CQ23="","",CQ23),"") | AD23: =IF($S$2>13,IF(CT23="","",CT23),"") | AE23: =IF($S$2>14,IF(CW23="","",CW23),"") | AF23: =IF($S$2>15,IF(CZ23="","",CZ23),"") | AG23: =IF($S$2>16,IF(DC23="","",DC23),"") | AH23: =IF($S$2>17,IF(DF23="","",DF23),"") | AI23: =IF($S$2>18,IF(DI23 = "","",DI23),"") | AJ23: =IF($S$2>19,IF(DL23="","",DL23),"") | AK23: =IF($S$2>20,IF(DO23="","",DO23),"") | AL23: =IF($S$2>21,IF(DR23="","",DR23),"") | AM23: =IF($S$2>22,IF(DU23="","",DU23),"") | AN23: =IF($S$2>23,IF(DX23="","",DX23),"") | AO23: =IF($S$2>24,IF(EA23="","",EA23),"") | AP23: =IF($S$2>25,IF(ED23="","",ED23),"") | AQ23: =IF($S$2>26,IF(EG23="","",EG23),"") | AR23: =IF($S$2>27,IF(EJ23="","",EJ23),"") | AS23: =IF($S$2>28,IF(EM23="","",EM23),"") | AT23: =IF($S$2>29,IF(EP23 = "", "", EP23),"") | AU23: =IF($S$2>30,IF(ES23="","",ES23),"") | AV23: =IF($S$2>31,IF(EV23="","",EV23),"") | AW23: =IF($S$2>32,IF(EY23="","",EY23),"") | AX23: =IF($S$2>33,IF(FB23="","",FB23),"") | AY23: =IF($S$2>34,IF(FE23="","",FE23),"") | AZ23: =IF($S$2>35,IF(FH23="","",FH23),"") | BA23: =IF($S$2>36,IF(FK23="","",FK23),"") | BB23: =IF($S$2>37,IF(FN23="","",FN23),"") | BC23: =IF($S$2>38,IF(FQ23="","",FQ23),"") | BD23: =IF($S$2>39,IF(FT23="","",FT23),"") | BE23: =IF($S$2>40,IF(FW23="","",FW23),"") | BF23: 45576 | BG23: =IF(BH23="","",_xlfn.DAYS(BH23,$Q$2)) -> 10 | BH23: =IF(BF23="","",BF23+($G23*365)) -> 45941 | BJ23: =IF(BK23="","",_xlfn.DAYS(BK23,$Q$2)) | BK23: =IF(BI23="","",BI23+($G23*365)) | BM23: =IF(BN23="","",_xlfn.DAYS(BN23,$Q$2)) | BN23: =IF(BL23="","",BL23+($G23*365)) | BP23: =IF(BQ23="","",_xlfn.DAYS(BQ23,$Q$2)) | BQ23: =IF(BO23="","",BO23+($G23*365)) | BS23: =IF(BT23="","",_xlfn.DAYS(BT23,$Q$2)) | BT23: =IF(BR23="","",BR23+($G23*365)) | BV23: =IF(BW23="","",_xlfn.DAYS(BW23,$Q$2)) | BW23: =IF(BU23="","",BU23+($G23*365)) | BY23: =IF(BZ23="","",_xlfn.DAYS(BZ23,$Q$2)) | BZ23: =IF(BX23="","",BX23+($G23*365)) | CB23: =IF(CC23="","",_xlfn.DAYS(CC23,$Q$2)) | CC23: =IF(CA23="","",CA23+($G23*365)) | CE23: =IF(CF23="","",_xlfn.DAYS(CF23,$Q$2)) | CF23: =IF(CD23="","",CD23+($G23*365)) | CH23: =IF(CI23="","",_xlfn.DAYS(CI23,$Q$2)) | CI23: =IF(CG23="","",CG23+($G23*365)) | CK23: =IF(CL23="","",_xlfn.DAYS(CL23,$Q$2)) | CL23: =IF(CJ23="","",CJ23+($G23*365)) | CN23: =IF(CO23="","",_xlfn.DAYS(CO23,$Q$2)) | CO23: =IF(CM23="","",CM23+($G23*365)) | CQ23: =IF(CR23="","",_xlfn.DAYS(CR23,$Q$2)) | CR23: =IF(CP23="","",CP23+($G23*365)) | CT23: =IF(CU23="","",_xlfn.DAYS(CU23,$Q$2)) | CU23: =IF(CS23="","",CS23+($G23*365)) | CW23: =IF(CX23="","",_xlfn.DAYS(CX23,$Q$2)) | CX23: =IF(CV23="","",CV23+($G23*365)) | CZ23: =IF(DA23="","",_xlfn.DAYS(DA23,$Q$2)) | DA23: =IF(CY23="","",CY23+($G23*365)) | DC23: =IF(DD23="","",_xlfn.DAYS(DD23,$Q$2)) | DD23: =IF(DB23="","",DB23+($G23*365)) | DF23: =IF(DG23="","",_xlfn.DAYS(DG23,$Q$2)) | DG23: =IF(DE23="","",DE23+($G23*365)) | DI23: =IF(DJ23="","",_xlfn.DAYS(DJ23,$Q$2)) | DJ23: =IF(DH23="","",DH23+($G23*365)) | DL23: =IF(DM23="","",_xlfn.DAYS(DM23,$Q$2)) | DM23: =IF(DK23="","",DK23+($G23*365)) | DO23: =IF(DP23="","",_xlfn.DAYS(DP23,$Q$2)) | DP23: =IF(DN23="","",DN23+($G23*365)) | DR23: =IF(DS23="","",_xlfn.DAYS(DS23,$Q$2)) | DS23: =IF(DQ23="","",DQ23+($G23*365)) | DU23: =IF(DV23="","",_xlfn.DAYS(DV23,$Q$2)) | DV23: =IF(DT23="","",DT23+($G23*365)) | DX23: =IF(DY23="","",_xlfn.DAYS(DY23,$Q$2)) | DY23: =IF(DW23="","",DW23+($G23*365)) | EA23: =IF(EB23="","",_xlfn.DAYS(EB23,$Q$2)) | EB23: =IF(DZ23="","",DZ23+($G23*365)) | ED23: =IF(EE23="","",_xlfn.DAYS(EE23,$Q$2)) | EE23: =IF(EC23="","",EC23+($G23*365)) | EG23: =IF(EH23="","",_xlfn.DAYS(EH23,$Q$2)) | EH23: =IF(EF23="","",EF23+($G23*365)) | EJ23: =IF(EK23="","",_xlfn.DAYS(EK23,$Q$2)) | EK23: =IF(EI23="","",EI23+($G23*365)) | EM23: =IF(EN23="","",_xlfn.DAYS(EN23,$Q$2)) | EN23: =IF(EL23="","",EL23+($G23*365)) | EP23: =IF(EQ23="","",_xlfn.DAYS(EQ23,$Q$2)) | EQ23: =IF(EO23="","",EO23+($G23*365)) | ES23: =IF(ET23="","",_xlfn.DAYS(ET23,$Q$2)) | ET23: =IF(ER23="","",ER23+($G23*365)) | EV23: =IF(EW23="","",_xlfn.DAYS(EW23,$Q$2)) | EW23: =IF(EU23="","",EU23+($G23*365)) | EY23: =IF(EZ23="","",_xlfn.DAYS(EZ23,$Q$2)) | EZ23: =IF(EX23="","",EX23+($G23*365)) | FB23: =IF(FC23="","",_xlfn.DAYS(FC23,$Q$2)) | FC23: =IF(FA23="","",FA23+($G23*365)) | FE23: =IF(FF23="","",_xlfn.DAYS(FF23,$Q$2)) | FF23: =IF(FD23="","",FD23+($G23*365)) | FH23: =IF(FI23="","",_xlfn.DAYS(FI23,$Q$2)) | FI23: =IF(FG23="","",FG23+($G23*365)) | FK23: =IF(FL23="","",_xlfn.DAYS(FL23,$Q$2)) | FL23: =IF(FJ23="","",FJ23+($G23*365)) | FN23: =IF(FO23="","",_xlfn.DAYS(FO23,$Q$2)) | FO23: =IF(FM23="","",FM23+($G23*365)) | FQ23: =IF(FR23="","",_xlfn.DAYS(FR23,$Q$2)) | FR23: =IF(FP23 = "", "",FP23+($G23*365)) | FT23: =IF(FU23="","",_xlfn.DAYS(FU23,$Q$2)) | FU23: =IF(FS23="","",FS23+($G23*365))
A24: =IF(E24="","",E24*$GA$7) -> 1 | B24: TSC-P-GS | C24: 1499 | D24: =IF(A24="","",A24*C24) -> 1499 | E24: 1 | G24: 1 | H24: Software - Tenable Network Security | I24: =IF(COUNTIFS($Q24:$BD24,">270")=0,"",COUNTIFS($Q24:$BD24,">270")) | J24: =IF(COUNTIFS($Q24:$BD24,"<=270")>0,IF(COUNTIFS($Q24:$BD24,"<=270")-COUNTIFS($Q24:$BD24,"<=180")=0,"",COUNTIFS($Q24:$BD24,"<=270")-COUNTIFS($Q24:$BD24,"<=180")),"") | K24: =IF(COUNTIFS($Q24:$BD24,"<=180")>0,IF(COUNTIFS($Q24:$BD24,"<=180")-COUNTIFS($Q24:$BD24,"<=120")=0,"",COUNTIFS($Q24:$BD24,"<=180")-COUNTIFS($Q24:$BD24,"<=120")),"") | L24: =IF(COUNTIFS($Q24:$BD24,"<=120")>0,IF(COUNTIFS($Q24:$BD24,"<=120")-COUNTIFS($Q24:$BD24,"<=90")=0,"",COUNTIFS($Q24:$BD24,"<=120")-COUNTIFS($Q24:$BD24,"<=90")),"") | M24: =IF(COUNTIFS($Q24:$BD24,"<=90")>0,IF(COUNTIFS($Q24:$BD24,"<=90")-COUNTIFS($Q24:$BD24,"<=60")=0,"",COUNTIFS($Q24:$BD24,"<=90")-COUNTIFS($Q24:$BD24,"<=60")),"") | N24: =IF(COUNTIFS($Q24:$BD24,"<=60")>0,IF(COUNTIFS($Q24:$BD24,"<=60")-COUNTIFS($Q24:$BD24,"<=30")=0,"",COUNTIFS($Q24:$BD24,"<=60")-COUNTIFS($Q24:$BD24,"<=30")),"") | O24: =IF(COUNTIFS($Q24:$BD24,"<=30")>0,IF(COUNTIFS($Q24:$BD24,"<=30")-COUNTIFS($Q24:$BD24,"<=0")=0,"",COUNTIFS($Q24:$BD24,"<=30")-COUNTIFS($Q24:$BD24,"<=0")),"") | P24: =IF(COUNTIFS($Q24:$BD24,"<=0")=0,"",COUNTIFS($Q24:$BD24,"<=0")) -> 1 | Q24: =IF($S$2>0,IF(BG24="","",BG24),"") -> -4 | R24: =IF($S$2>1,IF(BJ24="","",BJ24),"") | S24: =IF($S$2>2,IF(BM24="","",BM24),"") | T24: =IF($S$2>3,IF(BP24="","",BP24),"") | U24: =IF($S$2>4,IF(BS24="","",BS24),"") | V24: =IF($S$2>5,IF(BV24="","",BV24),"") | W24: =IF($S$2>6,IF(BY24="","",BY24),"") | X24: =IF($S$2>7,IF(CB24="","",CB24),"") | Y24: =IF($S$2>8,IF(CE24="","",CE24),"") | Z24: =IF($S$2>9,IF(CH24="","",CH24),"") | AA24: =IF($S$2>10,IF(CK24="","",CK24),"") | AB24: =IF($S$2>11,IF(CN24="","",CN24),"") | AC24: =IF($S$2>12,IF(CQ24="","",CQ24),"") | AD24: =IF($S$2>13,IF(CT24="","",CT24),"") | AE24: =IF($S$2>14,IF(CW24="","",CW24),"") | AF24: =IF($S$2>15,IF(CZ24="","",CZ24),"") | AG24: =IF($S$2>16,IF(DC24="","",DC24),"") | AH24: =IF($S$2>17,IF(DF24="","",DF24),"") | AI24: =IF($S$2>18,IF(DI24 = "","",DI24),"") | AJ24: =IF($S$2>19,IF(DL24="","",DL24),"") | AK24: =IF($S$2>20,IF(DO24="","",DO24),"") | AL24: =IF($S$2>21,IF(DR24="","",DR24),"") | AM24: =IF($S$2>22,IF(DU24="","",DU24),"") | AN24: =IF($S$2>23,IF(DX24="","",DX24),"") | AO24: =IF($S$2>24,IF(EA24="","",EA24),"") | AP24: =IF($S$2>25,IF(ED24="","",ED24),"") | AQ24: =IF($S$2>26,IF(EG24="","",EG24),"") | AR24: =IF($S$2>27,IF(EJ24="","",EJ24),"") | AS24: =IF($S$2>28,IF(EM24="","",EM24),"") | AT24: =IF($S$2>29,IF(EP24 = "", "", EP24),"") | AU24: =IF($S$2>30,IF(ES24="","",ES24),"") | AV24: =IF($S$2>31,IF(EV24="","",EV24),"") | AW24: =IF($S$2>32,IF(EY24="","",EY24),"") | AX24: =IF($S$2>33,IF(FB24="","",FB24),"") | AY24: =IF($S$2>34,IF(FE24="","",FE24),"") | AZ24: =IF($S$2>35,IF(FH24="","",FH24),"") | BA24: =IF($S$2>36,IF(FK24="","",FK24),"") | BB24: =IF($S$2>37,IF(FN24="","",FN24),"") | BC24: =IF($S$2>38,IF(FQ24="","",FQ24),"") | BD24: =IF($S$2>39,IF(FT24="","",FT24),"") | BE24: =IF($S$2>40,IF(FW24="","",FW24),"") | BF24: 45562 | BG24: =IF(BH24="","",_xlfn.DAYS(BH24,$Q$2)) -> -4 | BH24: =IF(BF24="","",BF24+($G24*365)) -> 45927 | BJ24: =IF(BK24="","",_xlfn.DAYS(BK24,$Q$2)) | BK24: =IF(BI24="","",BI24+($G24*365)) | BM24: =IF(BN24="","",_xlfn.DAYS(BN24,$Q$2)) | BN24: =IF(BL24="","",BL24+($G24*365)) | BP24: =IF(BQ24="","",_xlfn.DAYS(BQ24,$Q$2)) | BQ24: =IF(BO24="","",BO24+($G24*365)) | BS24: =IF(BT24="","",_xlfn.DAYS(BT24,$Q$2)) | BT24: =IF(BR24="","",BR24+($G24*365)) | BV24: =IF(BW24="","",_xlfn.DAYS(BW24,$Q$2)) | BW24: =IF(BU24="","",BU24+($G24*365)) | BY24: =IF(BZ24="","",_xlfn.DAYS(BZ24,$Q$2)) | BZ24: =IF(BX24="","",BX24+($G24*365)) | CB24: =IF(CC24="","",_xlfn.DAYS(CC24,$Q$2)) | CC24: =IF(CA24="","",CA24+($G24*365)) | CE24: =IF(CF24="","",_xlfn.DAYS(CF24,$Q$2)) | CF24: =IF(CD24="","",CD24+($G24*365)) | CH24: =IF(CI24="","",_xlfn.DAYS(CI24,$Q$2)) | CI24: =IF(CG24="","",CG24+($G24*365)) | CK24: =IF(CL24="","",_xlfn.DAYS(CL24,$Q$2)) | CL24: =IF(CJ24="","",CJ24+($G24*365)) | CN24: =IF(CO24="","",_xlfn.DAYS(CO24,$Q$2)) | CO24: =IF(CM24="","",CM24+($G24*365)) | CQ24: =IF(CR24="","",_xlfn.DAYS(CR24,$Q$2)) | CR24: =IF(CP24="","",CP24+($G24*365)) | CT24: =IF(CU24="","",_xlfn.DAYS(CU24,$Q$2)) | CU24: =IF(CS24="","",CS24+($G24*365)) | CW24: =IF(CX24="","",_xlfn.DAYS(CX24,$Q$2)) | CX24: =IF(CV24="","",CV24+($G24*365)) | CZ24: =IF(DA24="","",_xlfn.DAYS(DA24,$Q$2)) | DA24: =IF(CY24="","",CY24+($G24*365)) | DC24: =IF(DD24="","",_xlfn.DAYS(DD24,$Q$2)) | DD24: =IF(DB24="","",DB24+($G24*365)) | DF24: =IF(DG24="","",_xlfn.DAYS(DG24,$Q$2)) | DG24: =IF(DE24="","",DE24+($G24*365)) | DI24: =IF(DJ24="","",_xlfn.DAYS(DJ24,$Q$2)) | DJ24: =IF(DH24="","",DH24+($G24*365)) | DL24: =IF(DM24="","",_xlfn.DAYS(DM24,$Q$2)) | DM24: =IF(DK24="","",DK24+($G24*365)) | DO24: =IF(DP24="","",_xlfn.DAYS(DP24,$Q$2)) | DP24: =IF(DN24="","",DN24+($G24*365)) | DR24: =IF(DS24="","",_xlfn.DAYS(DS24,$Q$2)) | DS24: =IF(DQ24="","",DQ24+($G24*365)) | DU24: =IF(DV24="","",_xlfn.DAYS(DV24,$Q$2)) | DV24: =IF(DT24="","",DT24+($G24*365)) | DX24: =IF(DY24="","",_xlfn.DAYS(DY24,$Q$2)) | DY24: =IF(DW24="","",DW24+($G24*365)) | EA24: =IF(EB24="","",_xlfn.DAYS(EB24,$Q$2)) | EB24: =IF(DZ24="","",DZ24+($G24*365)) | ED24: =IF(EE24="","",_xlfn.DAYS(EE24,$Q$2)) | EE24: =IF(EC24="","",EC24+($G24*365)) | EG24: =IF(EH24="","",_xlfn.DAYS(EH24,$Q$2)) | EH24: =IF(EF24="","",EF24+($G24*365)) | EJ24: =IF(EK24="","",_xlfn.DAYS(EK24,$Q$2)) | EK24: =IF(EI24="","",EI24+($G24*365)) | EM24: =IF(EN24="","",_xlfn.DAYS(EN24,$Q$2)) | EN24: =IF(EL24="","",EL24+($G24*365)) | EP24: =IF(EQ24="","",_xlfn.DAYS(EQ24,$Q$2)) | EQ24: =IF(EO24="","",EO24+($G24*365)) | ES24: =IF(ET24="","",_xlfn.DAYS(ET24,$Q$2)) | ET24: =IF(ER24="","",ER24+($G24*365)) | EV24: =IF(EW24="","",_xlfn.DAYS(EW24,$Q$2)) | EW24: =IF(EU24="","",EU24+($G24*365)) | EY24: =IF(EZ24="","",_xlfn.DAYS(EZ24,$Q$2)) | EZ24: =IF(EX24="","",EX24+($G24*365)) | FB24: =IF(FC24="","",_xlfn.DAYS(FC24,$Q$2)) | FC24: =IF(FA24="","",FA24+($G24*365)) | FE24: =IF(FF24="","",_xlfn.DAYS(FF24,$Q$2)) | FF24: =IF(FD24="","",FD24+($G24*365)) | FH24: =IF(FI24="","",_xlfn.DAYS(FI24,$Q$2)) | FI24: =IF(FG24="","",FG24+($G24*365)) | FK24: =IF(FL24="","",_xlfn.DAYS(FL24,$Q$2)) | FL24: =IF(FJ24="","",FJ24+($G24*365)) | FN24: =IF(FO24="","",_xlfn.DAYS(FO24,$Q$2)) | FO24: =IF(FM24="","",FM24+($G24*365)) | FQ24: =IF(FR24="","",_xlfn.DAYS(FR24,$Q$2)) | FR24: =IF(FP24 = "", "",FP24+($G24*365)) | FT24: =IF(FU24="","",_xlfn.DAYS(FU24,$Q$2)) | FU24: =IF(FS24="","",FS24+($G24*365))
A25: =IF(E25="","",E25*$GA$7) | B25: P013256-001 | D25: =IF(A25="","",A25*C25) | G25: 1 | H25: Software - Trellix Plus | I25: =IF(COUNTIFS($Q25:$BD25,">270")=0,"",COUNTIFS($Q25:$BD25,">270")) | J25: =IF(COUNTIFS($Q25:$BD25,"<=270")>0,IF(COUNTIFS($Q25:$BD25,"<=270")-COUNTIFS($Q25:$BD25,"<=180")=0,"",COUNTIFS($Q25:$BD25,"<=270")-COUNTIFS($Q25:$BD25,"<=180")),"") | K25: =IF(COUNTIFS($Q25:$BD25,"<=180")>0,IF(COUNTIFS($Q25:$BD25,"<=180")-COUNTIFS($Q25:$BD25,"<=120")=0,"",COUNTIFS($Q25:$BD25,"<=180")-COUNTIFS($Q25:$BD25,"<=120")),"") | L25: =IF(COUNTIFS($Q25:$BD25,"<=120")>0,IF(COUNTIFS($Q25:$BD25,"<=120")-COUNTIFS($Q25:$BD25,"<=90")=0,"",COUNTIFS($Q25:$BD25,"<=120")-COUNTIFS($Q25:$BD25,"<=90")),"") | M25: =IF(COUNTIFS($Q25:$BD25,"<=90")>0,IF(COUNTIFS($Q25:$BD25,"<=90")-COUNTIFS($Q25:$BD25,"<=60")=0,"",COUNTIFS($Q25:$BD25,"<=90")-COUNTIFS($Q25:$BD25,"<=60")),"") | N25: =IF(COUNTIFS($Q25:$BD25,"<=60")>0,IF(COUNTIFS($Q25:$BD25,"<=60")-COUNTIFS($Q25:$BD25,"<=30")=0,"",COUNTIFS($Q25:$BD25,"<=60")-COUNTIFS($Q25:$BD25,"<=30")),"") | O25: =IF(COUNTIFS($Q25:$BD25,"<=30")>0,IF(COUNTIFS($Q25:$BD25,"<=30")-COUNTIFS($Q25:$BD25,"<=0")=0,"",COUNTIFS($Q25:$BD25,"<=30")-COUNTIFS($Q25:$BD25,"<=0")),"") | P25: =IF(COUNTIFS($Q25:$BD25,"<=0")=0,"",COUNTIFS($Q25:$BD25,"<=0")) | Q25: =IF($S$2>0,IF(BG25="","",BG25),"") | R25: =IF($S$2>1,IF(BJ25="","",BJ25),"") | S25: =IF($S$2>2,IF(BM25="","",BM25),"") | T25: =IF($S$2>3,IF(BP25="","",BP25),"") | U25: =IF($S$2>4,IF(BS25="","",BS25),"") | V25: =IF($S$2>5,IF(BV25="","",BV25),"") | W25: =IF($S$2>6,IF(BY25="","",BY25),"") | X25: =IF($S$2>7,IF(CB25="","",CB25),"") | Y25: =IF($S$2>8,IF(CE25="","",CE25),"") | Z25: =IF($S$2>9,IF(CH25="","",CH25),"") | AA25: =IF($S$2>10,IF(CK25="","",CK25),"") | AB25: =IF($S$2>11,IF(CN25="","",CN25),"") | AC25: =IF($S$2>12,IF(CQ25="","",CQ25),"") | AD25: =IF($S$2>13,IF(CT25="","",CT25),"") | AE25: =IF($S$2>14,IF(CW25="","",CW25),"") | AF25: =IF($S$2>15,IF(CZ25="","",CZ25),"") | AG25: =IF($S$2>16,IF(DC25="","",DC25),"") | AH25: =IF($S$2>17,IF(DF25="","",DF25),"") | AI25: =IF($S$2>18,IF(DI25 = "","",DI25),"") | AJ25: =IF($S$2>19,IF(DL25="","",DL25),"") | AK25: =IF($S$2>20,IF(DO25="","",DO25),"") | AL25: =IF($S$2>21,IF(DR25="","",DR25),"") | AM25: =IF($S$2>22,IF(DU25="","",DU25),"") | AN25: =IF($S$2>23,IF(DX25="","",DX25),"") | AO25: =IF($S$2>24,IF(EA25="","",EA25),"") | AP25: =IF($S$2>25,IF(ED25="","",ED25),"") | AQ25: =IF($S$2>26,IF(EG25="","",EG25),"") | AR25: =IF($S$2>27,IF(EJ25="","",EJ25),"") | AS25: =IF($S$2>28,IF(EM25="","",EM25),"") | AT25: =IF($S$2>29,IF(EP25 = "", "", EP25),"") | AU25: =IF($S$2>30,IF(ES25="","",ES25),"") | AV25: =IF($S$2>31,IF(EV25="","",EV25),"") | AW25: =IF($S$2>32,IF(EY25="","",EY25),"") | AX25: =IF($S$2>33,IF(FB25="","",FB25),"") | AY25: =IF($S$2>34,IF(FE25="","",FE25),"") | AZ25: =IF($S$2>35,IF(FH25="","",FH25),"") | BA25: =IF($S$2>36,IF(FK25="","",FK25),"") | BB25: =IF($S$2>37,IF(FN25="","",FN25),"") | BC25: =IF($S$2>38,IF(FQ25="","",FQ25),"") | BD25: =IF($S$2>39,IF(FT25="","",FT25),"") | BE25: =IF($S$2>40,IF(FW25="","",FW25),"") | BG25: =IF(BH25="","",_xlfn.DAYS(BH25,$Q$2)) | BH25: =IF(BF25="","",BF25+($G25*365)) | BJ25: =IF(BK25="","",_xlfn.DAYS(BK25,$Q$2)) | BK25: =IF(BI25="","",BI25+($G25*365)) | BM25: =IF(BN25="","",_xlfn.DAYS(BN25,$Q$2)) | BN25: =IF(BL25="","",BL25+($G25*365)) | BP25: =IF(BQ25="","",_xlfn.DAYS(BQ25,$Q$2)) | BQ25: =IF(BO25="","",BO25+($G25*365)) | BS25: =IF(BT25="","",_xlfn.DAYS(BT25,$Q$2)) | BT25: =IF(BR25="","",BR25+($G25*365)) | BV25: =IF(BW25="","",_xlfn.DAYS(BW25,$Q$2)) | BW25: =IF(BU25="","",BU25+($G25*365)) | BY25: =IF(BZ25="","",_xlfn.DAYS(BZ25,$Q$2)) | BZ25: =IF(BX25="","",BX25+($G25*365)) | CB25: =IF(CC25="","",_xlfn.DAYS(CC25,$Q$2)) | CC25: =IF(CA25="","",CA25+($G25*365)) | CE25: =IF(CF25="","",_xlfn.DAYS(CF25,$Q$2)) | CF25: =IF(CD25="","",CD25+($G25*365)) | CH25: =IF(CI25="","",_xlfn.DAYS(CI25,$Q$2)) | CI25: =IF(CG25="","",CG25+($G25*365)) | CK25: =IF(CL25="","",_xlfn.DAYS(CL25,$Q$2)) | CL25: =IF(CJ25="","",CJ25+($G25*365)) | CN25: =IF(CO25="","",_xlfn.DAYS(CO25,$Q$2)) | CO25: =IF(CM25="","",CM25+($G25*365)) | CQ25: =IF(CR25="","",_xlfn.DAYS(CR25,$Q$2)) | CR25: =IF(CP25="","",CP25+($G25*365)) | CT25: =IF(CU25="","",_xlfn.DAYS(CU25,$Q$2)) | CU25: =IF(CS25="","",CS25+($G25*365)) | CW25: =IF(CX25="","",_xlfn.DAYS(CX25,$Q$2)) | CX25: =IF(CV25="","",CV25+($G25*365)) | CZ25: =IF(DA25="","",_xlfn.DAYS(DA25,$Q$2)) | DA25: =IF(CY25="","",CY25+($G25*365)) | DC25: =IF(DD25="","",_xlfn.DAYS(DD25,$Q$2)) | DD25: =IF(DB25="","",DB25+($G25*365)) | DF25: =IF(DG25="","",_xlfn.DAYS(DG25,$Q$2)) | DG25: =IF(DE25="","",DE25+($G25*365)) | DI25: =IF(DJ25="","",_xlfn.DAYS(DJ25,$Q$2)) | DJ25: =IF(DH25="","",DH25+($G25*365)) | DL25: =IF(DM25="","",_xlfn.DAYS(DM25,$Q$2)) | DM25: =IF(DK25="","",DK25+($G25*365)) | DO25: =IF(DP25="","",_xlfn.DAYS(DP25,$Q$2)) | DP25: =IF(DN25="","",DN25+($G25*365)) | DR25: =IF(DS25="","",_xlfn.DAYS(DS25,$Q$2)) | DS25: =IF(DQ25="","",DQ25+($G25*365)) | DU25: =IF(DV25="","",_xlfn.DAYS(DV25,$Q$2)) | DV25: =IF(DT25="","",DT25+($G25*365)) | DX25: =IF(DY25="","",_xlfn.DAYS(DY25,$Q$2)) | DY25: =IF(DW25="","",DW25+($G25*365)) | EA25: =IF(EB25="","",_xlfn.DAYS(EB25,$Q$2)) | EB25: =IF(DZ25="","",DZ25+($G25*365)) | ED25: =IF(EE25="","",_xlfn.DAYS(EE25,$Q$2)) | EE25: =IF(EC25="","",EC25+($G25*365)) | EG25: =IF(EH25="","",_xlfn.DAYS(EH25,$Q$2)) | EH25: =IF(EF25="","",EF25+($G25*365)) | EJ25: =IF(EK25="","",_xlfn.DAYS(EK25,$Q$2)) | EK25: =IF(EI25="","",EI25+($G25*365)) | EM25: =IF(EN25="","",_xlfn.DAYS(EN25,$Q$2)) | EN25: =IF(EL25="","",EL25+($G25*365)) | EP25: =IF(EQ25="","",_xlfn.DAYS(EQ25,$Q$2)) | EQ25: =IF(EO25="","",EO25+($G25*365)) | ES25: =IF(ET25="","",_xlfn.DAYS(ET25,$Q$2)) | ET25: =IF(ER25="","",ER25+($G25*365)) | EV25: =IF(EW25="","",_xlfn.DAYS(EW25,$Q$2)) | EW25: =IF(EU25="","",EU25+($G25*365)) | EY25: =IF(EZ25="","",_xlfn.DAYS(EZ25,$Q$2)) | EZ25: =IF(EX25="","",EX25+($G25*365)) | FB25: =IF(FC25="","",_xlfn.DAYS(FC25,$Q$2)) | FC25: =IF(FA25="","",FA25+($G25*365)) | FE25: =IF(FF25="","",_xlfn.DAYS(FF25,$Q$2)) | FF25: =IF(FD25="","",FD25+($G25*365)) | FH25: =IF(FI25="","",_xlfn.DAYS(FI25,$Q$2)) | FI25: =IF(FG25="","",FG25+($G25*365)) | FK25: =IF(FL25="","",_xlfn.DAYS(FL25,$Q$2)) | FL25: =IF(FJ25="","",FJ25+($G25*365)) | FN25: =IF(FO25="","",_xlfn.DAYS(FO25,$Q$2)) | FO25: =IF(FM25="","",FM25+($G25*365)) | FQ25: =IF(FR25="","",_xlfn.DAYS(FR25,$Q$2)) | FR25: =IF(FP25 = "", "",FP25+($G25*365)) | FT25: =IF(FU25="","",_xlfn.DAYS(FU25,$Q$2)) | FU25: =IF(FS25="","",FS25+($G25*365))
A26: =IF(E26="","",E26*$GA$7) -> 1 | B26: P011365-001 | C26: 3544 | D26: =IF(A26="","",A26*C26) -> 3544 | E26: 1 | G26: 1 | H26: Software - Nessus Professional | I26: =IF(COUNTIFS($Q26:$BD26,">270")=0,"",COUNTIFS($Q26:$BD26,">270")) | J26: =IF(COUNTIFS($Q26:$BD26,"<=270")>0,IF(COUNTIFS($Q26:$BD26,"<=270")-COUNTIFS($Q26:$BD26,"<=180")=0,"",COUNTIFS($Q26:$BD26,"<=270")-COUNTIFS($Q26:$BD26,"<=180")),"") -> 1 | K26: =IF(COUNTIFS($Q26:$BD26,"<=180")>0,IF(COUNTIFS($Q26:$BD26,"<=180")-COUNTIFS($Q26:$BD26,"<=120")=0,"",COUNTIFS($Q26:$BD26,"<=180")-COUNTIFS($Q26:$BD26,"<=120")),"") | L26: =IF(COUNTIFS($Q26:$BD26,"<=120")>0,IF(COUNTIFS($Q26:$BD26,"<=120")-COUNTIFS($Q26:$BD26,"<=90")=0,"",COUNTIFS($Q26:$BD26,"<=120")-COUNTIFS($Q26:$BD26,"<=90")),"") | M26: =IF(COUNTIFS($Q26:$BD26,"<=90")>0,IF(COUNTIFS($Q26:$BD26,"<=90")-COUNTIFS($Q26:$BD26,"<=60")=0,"",COUNTIFS($Q26:$BD26,"<=90")-COUNTIFS($Q26:$BD26,"<=60")),"") | N26: =IF(COUNTIFS($Q26:$BD26,"<=60")>0,IF(COUNTIFS($Q26:$BD26,"<=60")-COUNTIFS($Q26:$BD26,"<=30")=0,"",COUNTIFS($Q26:$BD26,"<=60")-COUNTIFS($Q26:$BD26,"<=30")),"") | O26: =IF(COUNTIFS($Q26:$BD26,"<=30")>0,IF(COUNTIFS($Q26:$BD26,"<=30")-COUNTIFS($Q26:$BD26,"<=0")=0,"",COUNTIFS($Q26:$BD26,"<=30")-COUNTIFS($Q26:$BD26,"<=0")),"") | P26: =IF(COUNTIFS($Q26:$BD26,"<=0")=0,"",COUNTIFS($Q26:$BD26,"<=0")) | Q26: =IF($S$2>0,IF(BG26="","",BG26),"") -> 261 | R26: =IF($S$2>1,IF(BJ26="","",BJ26),"") | S26: =IF($S$2>2,IF(BM26="","",BM26),"") | T26: =IF($S$2>3,IF(BP26="","",BP26),"") | U26: =IF($S$2>4,IF(BS26="","",BS26),"") | V26: =IF($S$2>5,IF(BV26="","",BV26),"") | W26: =IF($S$2>6,IF(BY26="","",BY26),"") | X26: =IF($S$2>7,IF(CB26="","",CB26),"") | Y26: =IF($S$2>8,IF(CE26="","",CE26),"") | Z26: =IF($S$2>9,IF(CH26="","",CH26),"") | AA26: =IF($S$2>10,IF(CK26="","",CK26),"") | AB26: =IF($S$2>11,IF(CN26="","",CN26),"") | AC26: =IF($S$2>12,IF(CQ26="","",CQ26),"") | AD26: =IF($S$2>13,IF(CT26="","",CT26),"") | AE26: =IF($S$2>14,IF(CW26="","",CW26),"") | AF26: =IF($S$2>15,IF(CZ26="","",CZ26),"") | AG26: =IF($S$2>16,IF(DC26="","",DC26),"") | AH26: =IF($S$2>17,IF(DF26="","",DF26),"") | AI26: =IF($S$2>18,IF(DI26 = "","",DI26),"") | AJ26: =IF($S$2>19,IF(DL26="","",DL26),"") | AK26: =IF($S$2>20,IF(DO26="","",DO26),"") | AL26: =IF($S$2>21,IF(DR26="","",DR26),"") | AM26: =IF($S$2>22,IF(DU26="","",DU26),"") | AN26: =IF($S$2>23,IF(DX26="","",DX26),"") | AO26: =IF($S$2>24,IF(EA26="","",EA26),"") | AP26: =IF($S$2>25,IF(ED26="","",ED26),"") | AQ26: =IF($S$2>26,IF(EG26="","",EG26),"") | AR26: =IF($S$2>27,IF(EJ26="","",EJ26),"") | AS26: =IF($S$2>28,IF(EM26="","",EM26),"") | AT26: =IF($S$2>29,IF(EP26 = "", "", EP26),"") | AU26: =IF($S$2>30,IF(ES26="","",ES26),"") | AV26: =IF($S$2>31,IF(EV26="","",EV26),"") | AW26: =IF($S$2>32,IF(EY26="","",EY26),"") | AX26: =IF($S$2>33,IF(FB26="","",FB26),"") | AY26: =IF($S$2>34,IF(FE26="","",FE26),"") | AZ26: =IF($S$2>35,IF(FH26="","",FH26),"") | BA26: =IF($S$2>36,IF(FK26="","",FK26),"") | BB26: =IF($S$2>37,IF(FN26="","",FN26),"") | BC26: =IF($S$2>38,IF(FQ26="","",FQ26),"") | BD26: =IF($S$2>39,IF(FT26="","",FT26),"") | BE26: =IF($S$2>40,IF(FW26="","",FW26),"") | BF26: 45827 | BG26: =IF(BH26="","",_xlfn.DAYS(BH26,$Q$2)) -> 261 | BH26: =IF(BF26="","",BF26+($G26*365)) -> 46192 | BJ26: =IF(BK26="","",_xlfn.DAYS(BK26,$Q$2)) | BK26: =IF(BI26="","",BI26+($G26*365)) | BM26: =IF(BN26="","",_xlfn.DAYS(BN26,$Q$2)) | BN26: =IF(BL26="","",BL26+($G26*365)) | BP26: =IF(BQ26="","",_xlfn.DAYS(BQ26,$Q$2)) | BQ26: =IF(BO26="","",BO26+($G26*365)) | BS26: =IF(BT26="","",_xlfn.DAYS(BT26,$Q$2)) | BT26: =IF(BR26="","",BR26+($G26*365)) | BV26: =IF(BW26="","",_xlfn.DAYS(BW26,$Q$2)) | BW26: =IF(BU26="","",BU26+($G26*365)) | BY26: =IF(BZ26="","",_xlfn.DAYS(BZ26,$Q$2)) | BZ26: =IF(BX26="","",BX26+($G26*365)) | CB26: =IF(CC26="","",_xlfn.DAYS(CC26,$Q$2)) | CC26: =IF(CA26="","",CA26+($G26*365)) | CE26: =IF(CF26="","",_xlfn.DAYS(CF26,$Q$2)) | CF26: =IF(CD26="","",CD26+($G26*365)) | CH26: =IF(CI26="","",_xlfn.DAYS(CI26,$Q$2)) | CI26: =IF(CG26="","",CG26+($G26*365)) | CK26: =IF(CL26="","",_xlfn.DAYS(CL26,$Q$2)) | CL26: =IF(CJ26="","",CJ26+($G26*365)) | CN26: =IF(CO26="","",_xlfn.DAYS(CO26,$Q$2)) | CO26: =IF(CM26="","",CM26+($G26*365)) | CQ26: =IF(CR26="","",_xlfn.DAYS(CR26,$Q$2)) | CR26: =IF(CP26="","",CP26+($G26*365)) | CT26: =IF(CU26="","",_xlfn.DAYS(CU26,$Q$2)) | CU26: =IF(CS26="","",CS26+($G26*365)) | CW26: =IF(CX26="","",_xlfn.DAYS(CX26,$Q$2)) | CX26: =IF(CV26="","",CV26+($G26*365)) | CZ26: =IF(DA26="","",_xlfn.DAYS(DA26,$Q$2)) | DA26: =IF(CY26="","",CY26+($G26*365)) | DC26: =IF(DD26="","",_xlfn.DAYS(DD26,$Q$2)) | DD26: =IF(DB26="","",DB26+($G26*365)) | DF26: =IF(DG26="","",_xlfn.DAYS(DG26,$Q$2)) | DG26: =IF(DE26="","",DE26+($G26*365)) | DI26: =IF(DJ26="","",_xlfn.DAYS(DJ26,$Q$2)) | DJ26: =IF(DH26="","",DH26+($G26*365)) | DL26: =IF(DM26="","",_xlfn.DAYS(DM26,$Q$2)) | DM26: =IF(DK26="","",DK26+($G26*365)) | DO26: =IF(DP26="","",_xlfn.DAYS(DP26,$Q$2)) | DP26: =IF(DN26="","",DN26+($G26*365)) | DR26: =IF(DS26="","",_xlfn.DAYS(DS26,$Q$2)) | DS26: =IF(DQ26="","",DQ26+($G26*365)) | DU26: =IF(DV26="","",_xlfn.DAYS(DV26,$Q$2)) | DV26: =IF(DT26="","",DT26+($G26*365)) | DX26: =IF(DY26="","",_xlfn.DAYS(DY26,$Q$2)) | DY26: =IF(DW26="","",DW26+($G26*365)) | EA26: =IF(EB26="","",_xlfn.DAYS(EB26,$Q$2)) | EB26: =IF(DZ26="","",DZ26+($G26*365)) | ED26: =IF(EE26="","",_xlfn.DAYS(EE26,$Q$2)) | EE26: =IF(EC26="","",EC26+($G26*365)) | EG26: =IF(EH26="","",_xlfn.DAYS(EH26,$Q$2)) | EH26: =IF(EF26="","",EF26+($G26*365)) | EJ26: =IF(EK26="","",_xlfn.DAYS(EK26,$Q$2)) | EK26: =IF(EI26="","",EI26+($G26*365)) | EM26: =IF(EN26="","",_xlfn.DAYS(EN26,$Q$2)) | EN26: =IF(EL26="","",EL26+($G26*365)) | EP26: =IF(EQ26="","",_xlfn.DAYS(EQ26,$Q$2)) | EQ26: =IF(EO26="","",EO26+($G26*365)) | ES26: =IF(ET26="","",_xlfn.DAYS(ET26,$Q$2)) | ET26: =IF(ER26="","",ER26+($G26*365)) | EV26: =IF(EW26="","",_xlfn.DAYS(EW26,$Q$2)) | EW26: =IF(EU26="","",EU26+($G26*365)) | EY26: =IF(EZ26="","",_xlfn.DAYS(EZ26,$Q$2)) | EZ26: =IF(EX26="","",EX26+($G26*365)) | FB26: =IF(FC26="","",_xlfn.DAYS(FC26,$Q$2)) | FC26: =IF(FA26="","",FA26+($G26*365)) | FE26: =IF(FF26="","",_xlfn.DAYS(FF26,$Q$2)) | FF26: =IF(FD26="","",FD26+($G26*365)) | FH26: =IF(FI26="","",_xlfn.DAYS(FI26,$Q$2)) | FI26: =IF(FG26="","",FG26+($G26*365)) | FK26: =IF(FL26="","",_xlfn.DAYS(FL26,$Q$2)) | FL26: =IF(FJ26="","",FJ26+($G26*365)) | FN26: =IF(FO26="","",_xlfn.DAYS(FO26,$Q$2)) | FO26: =IF(FM26="","",FM26+($G26*365)) | FQ26: =IF(FR26="","",_xlfn.DAYS(FR26,$Q$2)) | FR26: =IF(FP26 = "", "",FP26+($G26*365)) | FT26: =IF(FU26="","",_xlfn.DAYS(FU26,$Q$2)) | FU26: =IF(FS26="","",FS26+($G26*365))
A27: =IF(E27="","",E27*$GA$7) -> 13 | B27: P011614-001 | C27: 84 | D27: =IF(A27="","",A27*C27) -> 1092 | E27: 13 | G27: 1 | H27: NU On-Premises Calling Professional - Flex-3 | I27: =IF(COUNTIFS($Q27:$BD27,">270")=0,"",COUNTIFS($Q27:$BD27,">270")) | J27: =IF(COUNTIFS($Q27:$BD27,"<=270")>0,IF(COUNTIFS($Q27:$BD27,"<=270")-COUNTIFS($Q27:$BD27,"<=180")=0,"",COUNTIFS($Q27:$BD27,"<=270")-COUNTIFS($Q27:$BD27,"<=180")),"") | K27: =IF(COUNTIFS($Q27:$BD27,"<=180")>0,IF(COUNTIFS($Q27:$BD27,"<=180")-COUNTIFS($Q27:$BD27,"<=120")=0,"",COUNTIFS($Q27:$BD27,"<=180")-COUNTIFS($Q27:$BD27,"<=120")),"") | L27: =IF(COUNTIFS($Q27:$BD27,"<=120")>0,IF(COUNTIFS($Q27:$BD27,"<=120")-COUNTIFS($Q27:$BD27,"<=90")=0,"",COUNTIFS($Q27:$BD27,"<=120")-COUNTIFS($Q27:$BD27,"<=90")),"") | M27: =IF(COUNTIFS($Q27:$BD27,"<=90")>0,IF(COUNTIFS($Q27:$BD27,"<=90")-COUNTIFS($Q27:$BD27,"<=60")=0,"",COUNTIFS($Q27:$BD27,"<=90")-COUNTIFS($Q27:$BD27,"<=60")),"") | N27: =IF(COUNTIFS($Q27:$BD27,"<=60")>0,IF(COUNTIFS($Q27:$BD27,"<=60")-COUNTIFS($Q27:$BD27,"<=30")=0,"",COUNTIFS($Q27:$BD27,"<=60")-COUNTIFS($Q27:$BD27,"<=30")),"") -> 1 | O27: =IF(COUNTIFS($Q27:$BD27,"<=30")>0,IF(COUNTIFS($Q27:$BD27,"<=30")-COUNTIFS($Q27:$BD27,"<=0")=0,"",COUNTIFS($Q27:$BD27,"<=30")-COUNTIFS($Q27:$BD27,"<=0")),"") | P27: =IF(COUNTIFS($Q27:$BD27,"<=0")=0,"",COUNTIFS($Q27:$BD27,"<=0")) | Q27: =IF($S$2>0,IF(BG27="","",BG27),"") -> 50 | R27: =IF($S$2>1,IF(BJ27="","",BJ27),"") | S27: =IF($S$2>2,IF(BM27="","",BM27),"") | T27: =IF($S$2>3,IF(BP27="","",BP27),"") | U27: =IF($S$2>4,IF(BS27="","",BS27),"") | V27: =IF($S$2>5,IF(BV27="","",BV27),"") | W27: =IF($S$2>6,IF(BY27="","",BY27),"") | X27: =IF($S$2>7,IF(CB27="","",CB27),"") | Y27: =IF($S$2>8,IF(CE27="","",CE27),"") | Z27: =IF($S$2>9,IF(CH27="","",CH27),"") | AA27: =IF($S$2>10,IF(CK27="","",CK27),"") | AB27: =IF($S$2>11,IF(CN27="","",CN27),"") | AC27: =IF($S$2>12,IF(CQ27="","",CQ27),"") | AD27: =IF($S$2>13,IF(CT27="","",CT27),"") | AE27: =IF($S$2>14,IF(CW27="","",CW27),"") | AF27: =IF($S$2>15,IF(CZ27="","",CZ27),"") | AG27: =IF($S$2>16,IF(DC27="","",DC27),"") | AH27: =IF($S$2>17,IF(DF27="","",DF27),"") | AI27: =IF($S$2>18,IF(DI27 = "","",DI27),"") | AJ27: =IF($S$2>19,IF(DL27="","",DL27),"") | AK27: =IF($S$2>20,IF(DO27="","",DO27),"") | AL27: =IF($S$2>21,IF(DR27="","",DR27),"") | AM27: =IF($S$2>22,IF(DU27="","",DU27),"") | AN27: =IF($S$2>23,IF(DX27="","",DX27),"") | AO27: =IF($S$2>24,IF(EA27="","",EA27),"") | AP27: =IF($S$2>25,IF(ED27="","",ED27),"") | AQ27: =IF($S$2>26,IF(EG27="","",EG27),"") | AR27: =IF($S$2>27,IF(EJ27="","",EJ27),"") | AS27: =IF($S$2>28,IF(EM27="","",EM27),"") | AT27: =IF($S$2>29,IF(EP27 = "", "", EP27),"") | AU27: =IF($S$2>30,IF(ES27="","",ES27),"") | AV27: =IF($S$2>31,IF(EV27="","",EV27),"") | AW27: =IF($S$2>32,IF(EY27="","",EY27),"") | AX27: =IF($S$2>33,IF(FB27="","",FB27),"") | AY27: =IF($S$2>34,IF(FE27="","",FE27),"") | AZ27: =IF($S$2>35,IF(FH27="","",FH27),"") | BA27: =IF($S$2>36,IF(FK27="","",FK27),"") | BB27: =IF($S$2>37,IF(FN27="","",FN27),"") | BC27: =IF($S$2>38,IF(FQ27="","",FQ27),"") | BD27: =IF($S$2>39,IF(FT27="","",FT27),"") | BE27: =IF($S$2>40,IF(FW27="","",FW27),"") | BF27: 45616 | BG27: =IF(BH27="","",_xlfn.DAYS(BH27,$Q$2)) -> 50 | BH27: =IF(BF27="","",BF27+($G27*365)) -> 45981 | BJ27: =IF(BK27="","",_xlfn.DAYS(BK27,$Q$2)) | BK27: =IF(BI27="","",BI27+($G27*365)) | BM27: =IF(BN27="","",_xlfn.DAYS(BN27,$Q$2)) | BN27: =IF(BL27="","",BL27+($G27*365)) | BP27: =IF(BQ27="","",_xlfn.DAYS(BQ27,$Q$2)) | BQ27: =IF(BO27="","",BO27+($G27*365)) | BS27: =IF(BT27="","",_xlfn.DAYS(BT27,$Q$2)) | BT27: =IF(BR27="","",BR27+($G27*365)) | BV27: =IF(BW27="","",_xlfn.DAYS(BW27,$Q$2)) | BW27: =IF(BU27="","",BU27+($G27*365)) | BY27: =IF(BZ27="","",_xlfn.DAYS(BZ27,$Q$2)) | BZ27: =IF(BX27="","",BX27+($G27*365)) | CB27: =IF(CC27="","",_xlfn.DAYS(CC27,$Q$2)) | CC27: =IF(CA27="","",CA27+($G27*365)) | CE27: =IF(CF27="","",_xlfn.DAYS(CF27,$Q$2)) | CF27: =IF(CD27="","",CD27+($G27*365)) | CH27: =IF(CI27="","",_xlfn.DAYS(CI27,$Q$2)) | CI27: =IF(CG27="","",CG27+($G27*365)) | CK27: =IF(CL27="","",_xlfn.DAYS(CL27,$Q$2)) | CL27: =IF(CJ27="","",CJ27+($G27*365)) | CN27: =IF(CO27="","",_xlfn.DAYS(CO27,$Q$2)) | CO27: =IF(CM27="","",CM27+($G27*365)) | CQ27: =IF(CR27="","",_xlfn.DAYS(CR27,$Q$2)) | CR27: =IF(CP27="","",CP27+($G27*365)) | CT27: =IF(CU27="","",_xlfn.DAYS(CU27,$Q$2)) | CU27: =IF(CS27="","",CS27+($G27*365)) | CW27: =IF(CX27="","",_xlfn.DAYS(CX27,$Q$2)) | CX27: =IF(CV27="","",CV27+($G27*365)) | CZ27: =IF(DA27="","",_xlfn.DAYS(DA27,$Q$2)) | DA27: =IF(CY27="","",CY27+($G27*365)) | DC27: =IF(DD27="","",_xlfn.DAYS(DD27,$Q$2)) | DD27: =IF(DB27="","",DB27+($G27*365)) | DF27: =IF(DG27="","",_xlfn.DAYS(DG27,$Q$2)) | DG27: =IF(DE27="","",DE27+($G27*365)) | DI27: =IF(DJ27="","",_xlfn.DAYS(DJ27,$Q$2)) | DJ27: =IF(DH27="","",DH27+($G27*365)) | DL27: =IF(DM27="","",_xlfn.DAYS(DM27,$Q$2)) | DM27: =IF(DK27="","",DK27+($G27*365)) | DO27: =IF(DP27="","",_xlfn.DAYS(DP27,$Q$2)) | DP27: =IF(DN27="","",DN27+($G27*365)) | DR27: =IF(DS27="","",_xlfn.DAYS(DS27,$Q$2)) | DS27: =IF(DQ27="","",DQ27+($G27*365)) | DU27: =IF(DV27="","",_xlfn.DAYS(DV27,$Q$2)) | DV27: =IF(DT27="","",DT27+($G27*365)) | DX27: =IF(DY27="","",_xlfn.DAYS(DY27,$Q$2)) | DY27: =IF(DW27="","",DW27+($G27*365)) | EA27: =IF(EB27="","",_xlfn.DAYS(EB27,$Q$2)) | EB27: =IF(DZ27="","",DZ27+($G27*365)) | ED27: =IF(EE27="","",_xlfn.DAYS(EE27,$Q$2)) | EE27: =IF(EC27="","",EC27+($G27*365)) | EG27: =IF(EH27="","",_xlfn.DAYS(EH27,$Q$2)) | EH27: =IF(EF27="","",EF27+($G27*365)) | EJ27: =IF(EK27="","",_xlfn.DAYS(EK27,$Q$2)) | EK27: =IF(EI27="","",EI27+($G27*365)) | EM27: =IF(EN27="","",_xlfn.DAYS(EN27,$Q$2)) | EN27: =IF(EL27="","",EL27+($G27*365)) | EP27: =IF(EQ27="","",_xlfn.DAYS(EQ27,$Q$2)) | EQ27: =IF(EO27="","",EO27+($G27*365)) | ES27: =IF(ET27="","",_xlfn.DAYS(ET27,$Q$2)) | ET27: =IF(ER27="","",ER27+($G27*365)) | EV27: =IF(EW27="","",_xlfn.DAYS(EW27,$Q$2)) | EW27: =IF(EU27="","",EU27+($G27*365)) | EY27: =IF(EZ27="","",_xlfn.DAYS(EZ27,$Q$2)) | EZ27: =IF(EX27="","",EX27+($G27*365)) | FB27: =IF(FC27="","",_xlfn.DAYS(FC27,$Q$2)) | FC27: =IF(FA27="","",FA27+($G27*365)) | FE27: =IF(FF27="","",_xlfn.DAYS(FF27,$Q$2)) | FF27: =IF(FD27="","",FD27+($G27*365)) | FH27: =IF(FI27="","",_xlfn.DAYS(FI27,$Q$2)) | FI27: =IF(FG27="","",FG27+($G27*365)) | FK27: =IF(FL27="","",_xlfn.DAYS(FL27,$Q$2)) | FL27: =IF(FJ27="","",FJ27+($G27*365)) | FN27: =IF(FO27="","",_xlfn.DAYS(FO27,$Q$2)) | FO27: =IF(FM27="","",FM27+($G27*365)) | FQ27: =IF(FR27="","",_xlfn.DAYS(FR27,$Q$2)) | FR27: =IF(FP27 = "", "",FP27+($G27*365)) | FT27: =IF(FU27="","",_xlfn.DAYS(FU27,$Q$2)) | FU27: =IF(FS27="","",FS27+($G27*365))
A28: =IF(E28="","",E28*$GA$7) -> 13 | B28: P011606-001 | C28: 62 | D28: =IF(A28="","",A28*C28) -> 806 | E28: 13 | G28: 3 | H28: Software Assurance - Extended Voice Over IP Phone | I28: =IF(COUNTIFS($Q28:$BD28,">270")=0,"",COUNTIFS($Q28:$BD28,">270")) | J28: =IF(COUNTIFS($Q28:$BD28,"<=270")>0,IF(COUNTIFS($Q28:$BD28,"<=270")-COUNTIFS($Q28:$BD28,"<=180")=0,"",COUNTIFS($Q28:$BD28,"<=270")-COUNTIFS($Q28:$BD28,"<=180")),"") | K28: =IF(COUNTIFS($Q28:$BD28,"<=180")>0,IF(COUNTIFS($Q28:$BD28,"<=180")-COUNTIFS($Q28:$BD28,"<=120")=0,"",COUNTIFS($Q28:$BD28,"<=180")-COUNTIFS($Q28:$BD28,"<=120")),"") | L28: =IF(COUNTIFS($Q28:$BD28,"<=120")>0,IF(COUNTIFS($Q28:$BD28,"<=120")-COUNTIFS($Q28:$BD28,"<=90")=0,"",COUNTIFS($Q28:$BD28,"<=120")-COUNTIFS($Q28:$BD28,"<=90")),"") | M28: =IF(COUNTIFS($Q28:$BD28,"<=90")>0,IF(COUNTIFS($Q28:$BD28,"<=90")-COUNTIFS($Q28:$BD28,"<=60")=0,"",COUNTIFS($Q28:$BD28,"<=90")-COUNTIFS($Q28:$BD28,"<=60")),"") | N28: =IF(COUNTIFS($Q28:$BD28,"<=60")>0,IF(COUNTIFS($Q28:$BD28,"<=60")-COUNTIFS($Q28:$BD28,"<=30")=0,"",COUNTIFS($Q28:$BD28,"<=60")-COUNTIFS($Q28:$BD28,"<=30")),"") | O28: =IF(COUNTIFS($Q28:$BD28,"<=30")>0,IF(COUNTIFS($Q28:$BD28,"<=30")-COUNTIFS($Q28:$BD28,"<=0")=0,"",COUNTIFS($Q28:$BD28,"<=30")-COUNTIFS($Q28:$BD28,"<=0")),"") -> 1 | P28: =IF(COUNTIFS($Q28:$BD28,"<=0")=0,"",COUNTIFS($Q28:$BD28,"<=0")) | Q28: =IF($S$2>0,IF(BG28="","",BG28),"") -> 23 | R28: =IF($S$2>1,IF(BJ28="","",BJ28),"") | S28: =IF($S$2>2,IF(BM28="","",BM28),"") | T28: =IF($S$2>3,IF(BP28="","",BP28),"") | U28: =IF($S$2>4,IF(BS28="","",BS28),"") | V28: =IF($S$2>5,IF(BV28="","",BV28),"") | W28: =IF($S$2>6,IF(BY28="","",BY28),"") | X28: =IF($S$2>7,IF(CB28="","",CB28),"") | Y28: =IF($S$2>8,IF(CE28="","",CE28),"") | Z28: =IF($S$2>9,IF(CH28="","",CH28),"") | AA28: =IF($S$2>10,IF(CK28="","",CK28),"") | AB28: =IF($S$2>11,IF(CN28="","",CN28),"") | AC28: =IF($S$2>12,IF(CQ28="","",CQ28),"") | AD28: =IF($S$2>13,IF(CT28="","",CT28),"") | AE28: =IF($S$2>14,IF(CW28="","",CW28),"") | AF28: =IF($S$2>15,IF(CZ28="","",CZ28),"") | AG28: =IF($S$2>16,IF(DC28="","",DC28),"") | AH28: =IF($S$2>17,IF(DF28="","",DF28),"") | AI28: =IF($S$2>18,IF(DI28 = "","",DI28),"") | AJ28: =IF($S$2>19,IF(DL28="","",DL28),"") | AK28: =IF($S$2>20,IF(DO28="","",DO28),"") | AL28: =IF($S$2>21,IF(DR28="","",DR28),"") | AM28: =IF($S$2>22,IF(DU28="","",DU28),"") | AN28: =IF($S$2>23,IF(DX28="","",DX28),"") | AO28: =IF($S$2>24,IF(EA28="","",EA28),"") | AP28: =IF($S$2>25,IF(ED28="","",ED28),"") | AQ28: =IF($S$2>26,IF(EG28="","",EG28),"") | AR28: =IF($S$2>27,IF(EJ28="","",EJ28),"") | AS28: =IF($S$2>28,IF(EM28="","",EM28),"") | AT28: =IF($S$2>29,IF(EP28 = "", "", EP28),"") | AU28: =IF($S$2>30,IF(ES28="","",ES28),"") | AV28: =IF($S$2>31,IF(EV28="","",EV28),"") | AW28: =IF($S$2>32,IF(EY28="","",EY28),"") | AX28: =IF($S$2>33,IF(FB28="","",FB28),"") | AY28: =IF($S$2>34,IF(FE28="","",FE28),"") | AZ28: =IF($S$2>35,IF(FH28="","",FH28),"") | BA28: =IF($S$2>36,IF(FK28="","",FK28),"") | BB28: =IF($S$2>37,IF(FN28="","",FN28),"") | BC28: =IF($S$2>38,IF(FQ28="","",FQ28),"") | BD28: =IF($S$2>39,IF(FT28="","",FT28),"") | BE28: =IF($S$2>40,IF(FW28="","",FW28),"") | BF28: 44859 | BG28: =IF(BH28="","",_xlfn.DAYS(BH28,$Q$2)) -> 23 | BH28: =IF(BF28="","",BF28+($G28*365)) -> 45954 | BJ28: =IF(BK28="","",_xlfn.DAYS(BK28,$Q$2)) | BK28: =IF(BI28="","",BI28+($G28*365)) | BM28: =IF(BN28="","",_xlfn.DAYS(BN28,$Q$2)) | BN28: =IF(BL28="","",BL28+($G28*365)) | BP28: =IF(BQ28="","",_xlfn.DAYS(BQ28,$Q$2)) | BQ28: =IF(BO28="","",BO28+($G28*365)) | BS28: =IF(BT28="","",_xlfn.DAYS(BT28,$Q$2)) | BT28: =IF(BR28="","",BR28+($G28*365)) | BV28: =IF(BW28="","",_xlfn.DAYS(BW28,$Q$2)) | BW28: =IF(BU28="","",BU28+($G28*365)) | BY28: =IF(BZ28="","",_xlfn.DAYS(BZ28,$Q$2)) | BZ28: =IF(BX28="","",BX28+($G28*365)) | CB28: =IF(CC28="","",_xlfn.DAYS(CC28,$Q$2)) | CC28: =IF(CA28="","",CA28+($G28*365)) | CE28: =IF(CF28="","",_xlfn.DAYS(CF28,$Q$2)) | CF28: =IF(CD28="","",CD28+($G28*365)) | CH28: =IF(CI28="","",_xlfn.DAYS(CI28,$Q$2)) | CI28: =IF(CG28="","",CG28+($G28*365)) | CK28: =IF(CL28="","",_xlfn.DAYS(CL28,$Q$2)) | CL28: =IF(CJ28="","",CJ28+($G28*365)) | CN28: =IF(CO28="","",_xlfn.DAYS(CO28,$Q$2)) | CO28: =IF(CM28="","",CM28+($G28*365)) | CQ28: =IF(CR28="","",_xlfn.DAYS(CR28,$Q$2)) | CR28: =IF(CP28="","",CP28+($G28*365)) | CT28: =IF(CU28="","",_xlfn.DAYS(CU28,$Q$2)) | CU28: =IF(CS28="","",CS28+($G28*365)) | CW28: =IF(CX28="","",_xlfn.DAYS(CX28,$Q$2)) | CX28: =IF(CV28="","",CV28+($G28*365)) | CZ28: =IF(DA28="","",_xlfn.DAYS(DA28,$Q$2)) | DA28: =IF(CY28="","",CY28+($G28*365)) | DC28: =IF(DD28="","",_xlfn.DAYS(DD28,$Q$2)) | DD28: =IF(DB28="","",DB28+($G28*365)) | DF28: =IF(DG28="","",_xlfn.DAYS(DG28,$Q$2)) | DG28: =IF(DE28="","",DE28+($G28*365)) | DI28: =IF(DJ28="","",_xlfn.DAYS(DJ28,$Q$2)) | DJ28: =IF(DH28="","",DH28+($G28*365)) | DL28: =IF(DM28="","",_xlfn.DAYS(DM28,$Q$2)) | DM28: =IF(DK28="","",DK28+($G28*365)) | DO28: =IF(DP28="","",_xlfn.DAYS(DP28,$Q$2)) | DP28: =IF(DN28="","",DN28+($G28*365)) | DR28: =IF(DS28="","",_xlfn.DAYS(DS28,$Q$2)) | DS28: =IF(DQ28="","",DQ28+($G28*365)) | DU28: =IF(DV28="","",_xlfn.DAYS(DV28,$Q$2)) | DV28: =IF(DT28="","",DT28+($G28*365)) | DX28: =IF(DY28="","",_xlfn.DAYS(DY28,$Q$2)) | DY28: =IF(DW28="","",DW28+($G28*365)) | EA28: =IF(EB28="","",_xlfn.DAYS(EB28,$Q$2)) | EB28: =IF(DZ28="","",DZ28+($G28*365)) | ED28: =IF(EE28="","",_xlfn.DAYS(EE28,$Q$2)) | EE28: =IF(EC28="","",EC28+($G28*365)) | EG28: =IF(EH28="","",_xlfn.DAYS(EH28,$Q$2)) | EH28: =IF(EF28="","",EF28+($G28*365)) | EJ28: =IF(EK28="","",_xlfn.DAYS(EK28,$Q$2)) | EK28: =IF(EI28="","",EI28+($G28*365)) | EM28: =IF(EN28="","",_xlfn.DAYS(EN28,$Q$2)) | EN28: =IF(EL28="","",EL28+($G28*365)) | EP28: =IF(EQ28="","",_xlfn.DAYS(EQ28,$Q$2)) | EQ28: =IF(EO28="","",EO28+($G28*365)) | ES28: =IF(ET28="","",_xlfn.DAYS(ET28,$Q$2)) | ET28: =IF(ER28="","",ER28+($G28*365)) | EV28: =IF(EW28="","",_xlfn.DAYS(EW28,$Q$2)) | EW28: =IF(EU28="","",EU28+($G28*365)) | EY28: =IF(EZ28="","",_xlfn.DAYS(EZ28,$Q$2)) | EZ28: =IF(EX28="","",EX28+($G28*365)) | FB28: =IF(FC28="","",_xlfn.DAYS(FC28,$Q$2)) | FC28: =IF(FA28="","",FA28+($G28*365)) | FE28: =IF(FF28="","",_xlfn.DAYS(FF28,$Q$2)) | FF28: =IF(FD28="","",FD28+($G28*365)) | FH28: =IF(FI28="","",_xlfn.DAYS(FI28,$Q$2)) | FI28: =IF(FG28="","",FG28+($G28*365)) | FK28: =IF(FL28="","",_xlfn.DAYS(FL28,$Q$2)) | FL28: =IF(FJ28="","",FJ28+($G28*365)) | FN28: =IF(FO28="","",_xlfn.DAYS(FO28,$Q$2)) | FO28: =IF(FM28="","",FM28+($G28*365)) | FQ28: =IF(FR28="","",_xlfn.DAYS(FR28,$Q$2)) | FR28: =IF(FP28 = "", "",FP28+($G28*365)) | FT28: =IF(FU28="","",_xlfn.DAYS(FU28,$Q$2)) | FU28: =IF(FS28="","",FS28+($G28*365)) | FV28: Serial numbers: FCH26222P31,FCH26222P4R,FCH26222Q6G,FCH26222QDB,FCH26222QE2,FCH26222QE4,FCH26222QEJ,FCH26222QHW,FCH26222QJ1,FCH26222QL2,FCH26222QM4,FCH26222QP1,FCH26222QXE
A29: =IF(E29="","",E29*$GA$7) -> 1 | B29: P011010-001 | C29: 1481 | D29: =IF(A29="","",A29*C29) -> 1481 | E29: 1 | G29: N/A | H29: SonicWall NSA 2650 | I29: =IF(COUNTIFS($Q29:$BD29,">270")=0,"",COUNTIFS($Q29:$BD29,">270")) | J29: =IF(COUNTIFS($Q29:$BD29,"<=270")>0,IF(COUNTIFS($Q29:$BD29,"<=270")-COUNTIFS($Q29:$BD29,"<=180")=0,"",COUNTIFS($Q29:$BD29,"<=270")-COUNTIFS($Q29:$BD29,"<=180")),"") | K29: =IF(COUNTIFS($Q29:$BD29,"<=180")>0,IF(COUNTIFS($Q29:$BD29,"<=180")-COUNTIFS($Q29:$BD29,"<=120")=0,"",COUNTIFS($Q29:$BD29,"<=180")-COUNTIFS($Q29:$BD29,"<=120")),"") | L29: =IF(COUNTIFS($Q29:$BD29,"<=120")>0,IF(COUNTIFS($Q29:$BD29,"<=120")-COUNTIFS($Q29:$BD29,"<=90")=0,"",COUNTIFS($Q29:$BD29,"<=120")-COUNTIFS($Q29:$BD29,"<=90")),"") | M29: =IF(COUNTIFS($Q29:$BD29,"<=90")>0,IF(COUNTIFS($Q29:$BD29,"<=90")-COUNTIFS($Q29:$BD29,"<=60")=0,"",COUNTIFS($Q29:$BD29,"<=90")-COUNTIFS($Q29:$BD29,"<=60")),"") | N29: =IF(COUNTIFS($Q29:$BD29,"<=60")>0,IF(COUNTIFS($Q29:$BD29,"<=60")-COUNTIFS($Q29:$BD29,"<=30")=0,"",COUNTIFS($Q29:$BD29,"<=60")-COUNTIFS($Q29:$BD29,"<=30")),"") | O29: =IF(COUNTIFS($Q29:$BD29,"<=30")>0,IF(COUNTIFS($Q29:$BD29,"<=30")-COUNTIFS($Q29:$BD29,"<=0")=0,"",COUNTIFS($Q29:$BD29,"<=30")-COUNTIFS($Q29:$BD29,"<=0")),"") | P29: =IF(COUNTIFS($Q29:$BD29,"<=0")=0,"",COUNTIFS($Q29:$BD29,"<=0")) | Q29: =IF($S$2>0,IF(BG29="","",BG29),"") -> #VALUE! | R29: =IF($S$2>1,IF(BJ29="","",BJ29),"") | S29: =IF($S$2>2,IF(BM29="","",BM29),"") | T29: =IF($S$2>3,IF(BP29="","",BP29),"") | U29: =IF($S$2>4,IF(BS29="","",BS29),"") | V29: =IF($S$2>5,IF(BV29="","",BV29),"") | W29: =IF($S$2>6,IF(BY29="","",BY29),"") | X29: =IF($S$2>7,IF(CB29="","",CB29),"") | Y29: =IF($S$2>8,IF(CE29="","",CE29),"") | Z29: =IF($S$2>9,IF(CH29="","",CH29),"") | AA29: =IF($S$2>10,IF(CK29="","",CK29),"") | AB29: =IF($S$2>11,IF(CN29="","",CN29),"") | AC29: =IF($S$2>12,IF(CQ29="","",CQ29),"") | AD29: =IF($S$2>13,IF(CT29="","",CT29),"") | AE29: =IF($S$2>14,IF(CW29="","",CW29),"") | AF29: =IF($S$2>15,IF(CZ29="","",CZ29),"") | AG29: =IF($S$2>16,IF(DC29="","",DC29),"") | AH29: =IF($S$2>17,IF(DF29="","",DF29),"") | AI29: =IF($S$2>18,IF(DI29 = "","",DI29),"") | AJ29: =IF($S$2>19,IF(DL29="","",DL29),"") | AK29: =IF($S$2>20,IF(DO29="","",DO29),"") | AL29: =IF($S$2>21,IF(DR29="","",DR29),"") | AM29: =IF($S$2>22,IF(DU29="","",DU29),"") | AN29: =IF($S$2>23,IF(DX29="","",DX29),"") | AO29: =IF($S$2>24,IF(EA29="","",EA29),"") | AP29: =IF($S$2>25,IF(ED29="","",ED29),"") | AQ29: =IF($S$2>26,IF(EG29="","",EG29),"") | AR29: =IF($S$2>27,IF(EJ29="","",EJ29),"") | AS29: =IF($S$2>28,IF(EM29="","",EM29),"") | AT29: =IF($S$2>29,IF(EP29 = "", "", EP29),"") | AU29: =IF($S$2>30,IF(ES29="","",ES29),"") | AV29: =IF($S$2>31,IF(EV29="","",EV29),"") | AW29: =IF($S$2>32,IF(EY29="","",EY29),"") | AX29: =IF($S$2>33,IF(FB29="","",FB29),"") | AY29: =IF($S$2>34,IF(FE29="","",FE29),"") | AZ29: =IF($S$2>35,IF(FH29="","",FH29),"") | BA29: =IF($S$2>36,IF(FK29="","",FK29),"") | BB29: =IF($S$2>37,IF(FN29="","",FN29),"") | BC29: =IF($S$2>38,IF(FQ29="","",FQ29),"") | BD29: =IF($S$2>39,IF(FT29="","",FT29),"") | BE29: =IF($S$2>40,IF(FW29="","",FW29),"") | BF29: 45384 | BG29: =IF(BH29="","",_xlfn.DAYS(BH29,$Q$2)) -> #VALUE! | BH29: =IF(BF29="","",BF29+($G29*365)) -> #VALUE! | BJ29: =IF(BK29="","",_xlfn.DAYS(BK29,$Q$2)) | BK29: =IF(BI29="","",BI29+($G29*365)) | BM29: =IF(BN29="","",_xlfn.DAYS(BN29,$Q$2)) | BN29: =IF(BL29="","",BL29+($G29*365)) | BP29: =IF(BQ29="","",_xlfn.DAYS(BQ29,$Q$2)) | BQ29: =IF(BO29="","",BO29+($G29*365)) | BS29: =IF(BT29="","",_xlfn.DAYS(BT29,$Q$2)) | BT29: =IF(BR29="","",BR29+($G29*365)) | BV29: =IF(BW29="","",_xlfn.DAYS(BW29,$Q$2)) | BW29: =IF(BU29="","",BU29+($G29*365)) | BY29: =IF(BZ29="","",_xlfn.DAYS(BZ29,$Q$2)) | BZ29: =IF(BX29="","",BX29+($G29*365)) | CB29: =IF(CC29="","",_xlfn.DAYS(CC29,$Q$2)) | CC29: =IF(CA29="","",CA29+($G29*365)) | CE29: =IF(CF29="","",_xlfn.DAYS(CF29,$Q$2)) | CF29: =IF(CD29="","",CD29+($G29*365)) | CH29: =IF(CI29="","",_xlfn.DAYS(CI29,$Q$2)) | CI29: =IF(CG29="","",CG29+($G29*365)) | CK29: =IF(CL29="","",_xlfn.DAYS(CL29,$Q$2)) | CL29: =IF(CJ29="","",CJ29+($G29*365)) | CN29: =IF(CO29="","",_xlfn.DAYS(CO29,$Q$2)) | CO29: =IF(CM29="","",CM29+($G29*365)) | CQ29: =IF(CR29="","",_xlfn.DAYS(CR29,$Q$2)) | CR29: =IF(CP29="","",CP29+($G29*365)) | CT29: =IF(CU29="","",_xlfn.DAYS(CU29,$Q$2)) | CU29: =IF(CS29="","",CS29+($G29*365)) | CW29: =IF(CX29="","",_xlfn.DAYS(CX29,$Q$2)) | CX29: =IF(CV29="","",CV29+($G29*365)) | CZ29: =IF(DA29="","",_xlfn.DAYS(DA29,$Q$2)) | DA29: =IF(CY29="","",CY29+($G29*365)) | DC29: =IF(DD29="","",_xlfn.DAYS(DD29,$Q$2)) | DD29: =IF(DB29="","",DB29+($G29*365)) | DF29: =IF(DG29="","",_xlfn.DAYS(DG29,$Q$2)) | DG29: =IF(DE29="","",DE29+($G29*365)) | DI29: =IF(DJ29="","",_xlfn.DAYS(DJ29,$Q$2)) | DJ29: =IF(DH29="","",DH29+($G29*365)) | DL29: =IF(DM29="","",_xlfn.DAYS(DM29,$Q$2)) | DM29: =IF(DK29="","",DK29+($G29*365)) | DO29: =IF(DP29="","",_xlfn.DAYS(DP29,$Q$2)) | DP29: =IF(DN29="","",DN29+($G29*365)) | DR29: =IF(DS29="","",_xlfn.DAYS(DS29,$Q$2)) | DS29: =IF(DQ29="","",DQ29+($G29*365)) | DU29: =IF(DV29="","",_xlfn.DAYS(DV29,$Q$2)) | DV29: =IF(DT29="","",DT29+($G29*365)) | DX29: =IF(DY29="","",_xlfn.DAYS(DY29,$Q$2)) | DY29: =IF(DW29="","",DW29+($G29*365)) | EA29: =IF(EB29="","",_xlfn.DAYS(EB29,$Q$2)) | EB29: =IF(DZ29="","",DZ29+($G29*365)) | ED29: =IF(EE29="","",_xlfn.DAYS(EE29,$Q$2)) | EE29: =IF(EC29="","",EC29+($G29*365)) | EG29: =IF(EH29="","",_xlfn.DAYS(EH29,$Q$2)) | EH29: =IF(EF29="","",EF29+($G29*365)) | EJ29: =IF(EK29="","",_xlfn.DAYS(EK29,$Q$2)) | EK29: =IF(EI29="","",EI29+($G29*365)) | EM29: =IF(EN29="","",_xlfn.DAYS(EN29,$Q$2)) | EN29: =IF(EL29="","",EL29+($G29*365)) | EP29: =IF(EQ29="","",_xlfn.DAYS(EQ29,$Q$2)) | EQ29: =IF(EO29="","",EO29+($G29*365)) | ES29: =IF(ET29="","",_xlfn.DAYS(ET29,$Q$2)) | ET29: =IF(ER29="","",ER29+($G29*365)) | EV29: =IF(EW29="","",_xlfn.DAYS(EW29,$Q$2)) | EW29: =IF(EU29="","",EU29+($G29*365)) | EY29: =IF(EZ29="","",_xlfn.DAYS(EZ29,$Q$2)) | EZ29: =IF(EX29="","",EX29+($G29*365)) | FB29: =IF(FC29="","",_xlfn.DAYS(FC29,$Q$2)) | FC29: =IF(FA29="","",FA29+($G29*365)) | FE29: =IF(FF29="","",_xlfn.DAYS(FF29,$Q$2)) | FF29: =IF(FD29="","",FD29+($G29*365)) | FH29: =IF(FI29="","",_xlfn.DAYS(FI29,$Q$2)) | FI29: =IF(FG29="","",FG29+($G29*365)) | FK29: =IF(FL29="","",_xlfn.DAYS(FL29,$Q$2)) | FL29: =IF(FJ29="","",FJ29+($G29*365)) | FN29: =IF(FO29="","",_xlfn.DAYS(FO29,$Q$2)) | FO29: =IF(FM29="","",FM29+($G29*365)) | FQ29: =IF(FR29="","",_xlfn.DAYS(FR29,$Q$2)) | FR29: =IF(FP29 = "", "",FP29+($G29*365)) | FT29: =IF(FU29="","",_xlfn.DAYS(FU29,$Q$2)) | FU29: =IF(FS29="","",FS29+($G29*365)) | FV29: 2CB8ED62A440 / RQ-0015819
A30: =IF(E30="","",E30*$GA$7) -> 1 | B30: P012197-001 | C30: 9850 | D30: =IF(A30="","",A30*C30) -> 9850 | E30: 1 | G30: 4 | H30: Gem One Software Standard | I30: =IF(COUNTIFS($Q30:$BD30,">270")=0,"",COUNTIFS($Q30:$BD30,">270")) -> 1 | J30: =IF(COUNTIFS($Q30:$BD30,"<=270")>0,IF(COUNTIFS($Q30:$BD30,"<=270")-COUNTIFS($Q30:$BD30,"<=180")=0,"",COUNTIFS($Q30:$BD30,"<=270")-COUNTIFS($Q30:$BD30,"<=180")),"") | K30: =IF(COUNTIFS($Q30:$BD30,"<=180")>0,IF(COUNTIFS($Q30:$BD30,"<=180")-COUNTIFS($Q30:$BD30,"<=120")=0,"",COUNTIFS($Q30:$BD30,"<=180")-COUNTIFS($Q30:$BD30,"<=120")),"") | L30: =IF(COUNTIFS($Q30:$BD30,"<=120")>0,IF(COUNTIFS($Q30:$BD30,"<=120")-COUNTIFS($Q30:$BD30,"<=90")=0,"",COUNTIFS($Q30:$BD30,"<=120")-COUNTIFS($Q30:$BD30,"<=90")),"") | M30: =IF(COUNTIFS($Q30:$BD30,"<=90")>0,IF(COUNTIFS($Q30:$BD30,"<=90")-COUNTIFS($Q30:$BD30,"<=60")=0,"",COUNTIFS($Q30:$BD30,"<=90")-COUNTIFS($Q30:$BD30,"<=60")),"") | N30: =IF(COUNTIFS($Q30:$BD30,"<=60")>0,IF(COUNTIFS($Q30:$BD30,"<=60")-COUNTIFS($Q30:$BD30,"<=30")=0,"",COUNTIFS($Q30:$BD30,"<=60")-COUNTIFS($Q30:$BD30,"<=30")),"") | O30: =IF(COUNTIFS($Q30:$BD30,"<=30")>0,IF(COUNTIFS($Q30:$BD30,"<=30")-COUNTIFS($Q30:$BD30,"<=0")=0,"",COUNTIFS($Q30:$BD30,"<=30")-COUNTIFS($Q30:$BD30,"<=0")),"") | P30: =IF(COUNTIFS($Q30:$BD30,"<=0")=0,"",COUNTIFS($Q30:$BD30,"<=0")) | Q30: =IF($S$2>0,IF(BG30="","",BG30),"") -> 367 | R30: =IF($S$2>1,IF(BJ30="","",BJ30),"") | S30: =IF($S$2>2,IF(BM30="","",BM30),"") | T30: =IF($S$2>3,IF(BP30="","",BP30),"") | U30: =IF($S$2>4,IF(BS30="","",BS30),"") | V30: =IF($S$2>5,IF(BV30="","",BV30),"") | W30: =IF($S$2>6,IF(BY30="","",BY30),"") | X30: =IF($S$2>7,IF(CB30="","",CB30),"") | Y30: =IF($S$2>8,IF(CE30="","",CE30),"") | Z30: =IF($S$2>9,IF(CH30="","",CH30),"") | AA30: =IF($S$2>10,IF(CK30="","",CK30),"") | AB30: =IF($S$2>11,IF(CN30="","",CN30),"") | AC30: =IF($S$2>12,IF(CQ30="","",CQ30),"") | AD30: =IF($S$2>13,IF(CT30="","",CT30),"") | AE30: =IF($S$2>14,IF(CW30="","",CW30),"") | AF30: =IF($S$2>15,IF(CZ30="","",CZ30),"") | AG30: =IF($S$2>16,IF(DC30="","",DC30),"") | AH30: =IF($S$2>17,IF(DF30="","",DF30),"") | AI30: =IF($S$2>18,IF(DI30 = "","",DI30),"") | AJ30: =IF($S$2>19,IF(DL30="","",DL30),"") | AK30: =IF($S$2>20,IF(DO30="","",DO30),"") | AL30: =IF($S$2>21,IF(DR30="","",DR30),"") | AM30: =IF($S$2>22,IF(DU30="","",DU30),"") | AN30: =IF($S$2>23,IF(DX30="","",DX30),"") | AO30: =IF($S$2>24,IF(EA30="","",EA30),"") | AP30: =IF($S$2>25,IF(ED30="","",ED30),"") | AQ30: =IF($S$2>26,IF(EG30="","",EG30),"") | AR30: =IF($S$2>27,IF(EJ30="","",EJ30),"") | AS30: =IF($S$2>28,IF(EM30="","",EM30),"") | AT30: =IF($S$2>29,IF(EP30 = "", "", EP30),"") | AU30: =IF($S$2>30,IF(ES30="","",ES30),"") | AV30: =IF($S$2>31,IF(EV30="","",EV30),"") | AW30: =IF($S$2>32,IF(EY30="","",EY30),"") | AX30: =IF($S$2>33,IF(FB30="","",FB30),"") | AY30: =IF($S$2>34,IF(FE30="","",FE30),"") | AZ30: =IF($S$2>35,IF(FH30="","",FH30),"") | BA30: =IF($S$2>36,IF(FK30="","",FK30),"") | BB30: =IF($S$2>37,IF(FN30="","",FN30),"") | BC30: =IF($S$2>38,IF(FQ30="","",FQ30),"") | BD30: =IF($S$2>39,IF(FT30="","",FT30),"") | BE30: =IF($S$2>40,IF(FW30="","",FW30),"") | BF30: 44838 | BG30: =IF(BH30="","",_xlfn.DAYS(BH30,$Q$2)) -> 367 | BH30: =IF(BF30="","",BF30+($G30*365)) -> 46298 | BJ30: =IF(BK30="","",_xlfn.DAYS(BK30,$Q$2)) | BK30: =IF(BI30="","",BI30+($G30*365)) | BM30: =IF(BN30="","",_xlfn.DAYS(BN30,$Q$2)) | BN30: =IF(BL30="","",BL30+($G30*365)) | BP30: =IF(BQ30="","",_xlfn.DAYS(BQ30,$Q$2)) | BQ30: =IF(BO30="","",BO30+($G30*365)) | BS30: =IF(BT30="","",_xlfn.DAYS(BT30,$Q$2)) | BT30: =IF(BR30="","",BR30+($G30*365)) | BV30: =IF(BW30="","",_xlfn.DAYS(BW30,$Q$2)) | BW30: =IF(BU30="","",BU30+($G30*365)) | BY30: =IF(BZ30="","",_xlfn.DAYS(BZ30,$Q$2)) | BZ30: =IF(BX30="","",BX30+($G30*365)) | CB30: =IF(CC30="","",_xlfn.DAYS(CC30,$Q$2)) | CC30: =IF(CA30="","",CA30+($G30*365)) | CE30: =IF(CF30="","",_xlfn.DAYS(CF30,$Q$2)) | CF30: =IF(CD30="","",CD30+($G30*365)) | CH30: =IF(CI30="","",_xlfn.DAYS(CI30,$Q$2)) | CI30: =IF(CG30="","",CG30+($G30*365)) | CK30: =IF(CL30="","",_xlfn.DAYS(CL30,$Q$2)) | CL30: =IF(CJ30="","",CJ30+($G30*365)) | CN30: =IF(CO30="","",_xlfn.DAYS(CO30,$Q$2)) | CO30: =IF(CM30="","",CM30+($G30*365)) | CQ30: =IF(CR30="","",_xlfn.DAYS(CR30,$Q$2)) | CR30: =IF(CP30="","",CP30+($G30*365)) | CT30: =IF(CU30="","",_xlfn.DAYS(CU30,$Q$2)) | CU30: =IF(CS30="","",CS30+($G30*365)) | CW30: =IF(CX30="","",_xlfn.DAYS(CX30,$Q$2)) | CX30: =IF(CV30="","",CV30+($G30*365)) | CZ30: =IF(DA30="","",_xlfn.DAYS(DA30,$Q$2)) | DA30: =IF(CY30="","",CY30+($G30*365)) | DC30: =IF(DD30="","",_xlfn.DAYS(DD30,$Q$2)) | DD30: =IF(DB30="","",DB30+($G30*365)) | DF30: =IF(DG30="","",_xlfn.DAYS(DG30,$Q$2)) | DG30: =IF(DE30="","",DE30+($G30*365)) | DI30: =IF(DJ30="","",_xlfn.DAYS(DJ30,$Q$2)) | DJ30: =IF(DH30="","",DH30+($G30*365)) | DL30: =IF(DM30="","",_xlfn.DAYS(DM30,$Q$2)) | DM30: =IF(DK30="","",DK30+($G30*365)) | DO30: =IF(DP30="","",_xlfn.DAYS(DP30,$Q$2)) | DP30: =IF(DN30="","",DN30+($G30*365)) | DR30: =IF(DS30="","",_xlfn.DAYS(DS30,$Q$2)) | DS30: =IF(DQ30="","",DQ30+($G30*365)) | DU30: =IF(DV30="","",_xlfn.DAYS(DV30,$Q$2)) | DV30: =IF(DT30="","",DT30+($G30*365)) | DX30: =IF(DY30="","",_xlfn.DAYS(DY30,$Q$2)) | DY30: =IF(DW30="","",DW30+($G30*365)) | EA30: =IF(EB30="","",_xlfn.DAYS(EB30,$Q$2)) | EB30: =IF(DZ30="","",DZ30+($G30*365)) | ED30: =IF(EE30="","",_xlfn.DAYS(EE30,$Q$2)) | EE30: =IF(EC30="","",EC30+($G30*365)) | EG30: =IF(EH30="","",_xlfn.DAYS(EH30,$Q$2)) | EH30: =IF(EF30="","",EF30+($G30*365)) | EJ30: =IF(EK30="","",_xlfn.DAYS(EK30,$Q$2)) | EK30: =IF(EI30="","",EI30+($G30*365)) | EM30: =IF(EN30="","",_xlfn.DAYS(EN30,$Q$2)) | EN30: =IF(EL30="","",EL30+($G30*365)) | EP30: =IF(EQ30="","",_xlfn.DAYS(EQ30,$Q$2)) | EQ30: =IF(EO30="","",EO30+($G30*365)) | ES30: =IF(ET30="","",_xlfn.DAYS(ET30,$Q$2)) | ET30: =IF(ER30="","",ER30+($G30*365)) | EV30: =IF(EW30="","",_xlfn.DAYS(EW30,$Q$2)) | EW30: =IF(EU30="","",EU30+($G30*365)) | EY30: =IF(EZ30="","",_xlfn.DAYS(EZ30,$Q$2)) | EZ30: =IF(EX30="","",EX30+($G30*365)) | FB30: =IF(FC30="","",_xlfn.DAYS(FC30,$Q$2)) | FC30: =IF(FA30="","",FA30+($G30*365)) | FE30: =IF(FF30="","",_xlfn.DAYS(FF30,$Q$2)) | FF30: =IF(FD30="","",FD30+($G30*365)) | FH30: =IF(FI30="","",_xlfn.DAYS(FI30,$Q$2)) | FI30: =IF(FG30="","",FG30+($G30*365)) | FK30: =IF(FL30="","",_xlfn.DAYS(FL30,$Q$2)) | FL30: =IF(FJ30="","",FJ30+($G30*365)) | FN30: =IF(FO30="","",_xlfn.DAYS(FO30,$Q$2)) | FO30: =IF(FM30="","",FM30+($G30*365)) | FQ30: =IF(FR30="","",_xlfn.DAYS(FR30,$Q$2)) | FR30: =IF(FP30 = "", "",FP30+($G30*365)) | FT30: =IF(FU30="","",_xlfn.DAYS(FU30,$Q$2)) | FU30: =IF(FS30="","",FS30+($G30*365))
A31: =IF(E31="","",E31*$GA$7) -> 1 | B31: N/A | C31: 0 | D31: =IF(A31="","",A31*C31) -> 0 | E31: 1 | G31: 1 | H31: Assured Compliance Assessment Solution (ACAS) Nessus | I31: =IF(COUNTIFS($Q31:$BD31,">270")=0,"",COUNTIFS($Q31:$BD31,">270")) | J31: =IF(COUNTIFS($Q31:$BD31,"<=270")>0,IF(COUNTIFS($Q31:$BD31,"<=270")-COUNTIFS($Q31:$BD31,"<=180")=0,"",COUNTIFS($Q31:$BD31,"<=270")-COUNTIFS($Q31:$BD31,"<=180")),"") | K31: =IF(COUNTIFS($Q31:$BD31,"<=180")>0,IF(COUNTIFS($Q31:$BD31,"<=180")-COUNTIFS($Q31:$BD31,"<=120")=0,"",COUNTIFS($Q31:$BD31,"<=180")-COUNTIFS($Q31:$BD31,"<=120")),"") -> 1 | L31: =IF(COUNTIFS($Q31:$BD31,"<=120")>0,IF(COUNTIFS($Q31:$BD31,"<=120")-COUNTIFS($Q31:$BD31,"<=90")=0,"",COUNTIFS($Q31:$BD31,"<=120")-COUNTIFS($Q31:$BD31,"<=90")),"") | M31: =IF(COUNTIFS($Q31:$BD31,"<=90")>0,IF(COUNTIFS($Q31:$BD31,"<=90")-COUNTIFS($Q31:$BD31,"<=60")=0,"",COUNTIFS($Q31:$BD31,"<=90")-COUNTIFS($Q31:$BD31,"<=60")),"") | N31: =IF(COUNTIFS($Q31:$BD31,"<=60")>0,IF(COUNTIFS($Q31:$BD31,"<=60")-COUNTIFS($Q31:$BD31,"<=30")=0,"",COUNTIFS($Q31:$BD31,"<=60")-COUNTIFS($Q31:$BD31,"<=30")),"") | O31: =IF(COUNTIFS($Q31:$BD31,"<=30")>0,IF(COUNTIFS($Q31:$BD31,"<=30")-COUNTIFS($Q31:$BD31,"<=0")=0,"",COUNTIFS($Q31:$BD31,"<=30")-COUNTIFS($Q31:$BD31,"<=0")),"") | P31: =IF(COUNTIFS($Q31:$BD31,"<=0")=0,"",COUNTIFS($Q31:$BD31,"<=0")) | Q31: =IF($S$2>0,IF(BG31="","",BG31),"") -> 146 | R31: =IF($S$2>1,IF(BJ31="","",BJ31),"") | S31: =IF($S$2>2,IF(BM31="","",BM31),"") | T31: =IF($S$2>3,IF(BP31="","",BP31),"") | U31: =IF($S$2>4,IF(BS31="","",BS31),"") | V31: =IF($S$2>5,IF(BV31="","",BV31),"") | W31: =IF($S$2>6,IF(BY31="","",BY31),"") | X31: =IF($S$2>7,IF(CB31="","",CB31),"") | Y31: =IF($S$2>8,IF(CE31="","",CE31),"") | Z31: =IF($S$2>9,IF(CH31="","",CH31),"") | AA31: =IF($S$2>10,IF(CK31="","",CK31),"") | AB31: =IF($S$2>11,IF(CN31="","",CN31),"") | AC31: =IF($S$2>12,IF(CQ31="","",CQ31),"") | AD31: =IF($S$2>13,IF(CT31="","",CT31),"") | AE31: =IF($S$2>14,IF(CW31="","",CW31),"") | AF31: =IF($S$2>15,IF(CZ31="","",CZ31),"") | AG31: =IF($S$2>16,IF(DC31="","",DC31),"") | AH31: =IF($S$2>17,IF(DF31="","",DF31),"") | AI31: =IF($S$2>18,IF(DI31 = "","",DI31),"") | AJ31: =IF($S$2>19,IF(DL31="","",DL31),"") | AK31: =IF($S$2>20,IF(DO31="","",DO31),"") | AL31: =IF($S$2>21,IF(DR31="","",DR31),"") | AM31: =IF($S$2>22,IF(DU31="","",DU31),"") | AN31: =IF($S$2>23,IF(DX31="","",DX31),"") | AO31: =IF($S$2>24,IF(EA31="","",EA31),"") | AP31: =IF($S$2>25,IF(ED31="","",ED31),"") | AQ31: =IF($S$2>26,IF(EG31="","",EG31),"") | AR31: =IF($S$2>27,IF(EJ31="","",EJ31),"") | AS31: =IF($S$2>28,IF(EM31="","",EM31),"") | AT31: =IF($S$2>29,IF(EP31 = "", "", EP31),"") | AU31: =IF($S$2>30,IF(ES31="","",ES31),"") | AV31: =IF($S$2>31,IF(EV31="","",EV31),"") | AW31: =IF($S$2>32,IF(EY31="","",EY31),"") | AX31: =IF($S$2>33,IF(FB31="","",FB31),"") | AY31: =IF($S$2>34,IF(FE31="","",FE31),"") | AZ31: =IF($S$2>35,IF(FH31="","",FH31),"") | BA31: =IF($S$2>36,IF(FK31="","",FK31),"") | BB31: =IF($S$2>37,IF(FN31="","",FN31),"") | BC31: =IF($S$2>38,IF(FQ31="","",FQ31),"") | BD31: =IF($S$2>39,IF(FT31="","",FT31),"") | BE31: =IF($S$2>40,IF(FW31="","",FW31),"") | BF31: 45712 | BG31: =IF(BH31="","",_xlfn.DAYS(BH31,$Q$2)) -> 146 | BH31: =IF(BF31="","",BF31+($G31*365)) -> 46077 | BJ31: =IF(BK31="","",_xlfn.DAYS(BK31,$Q$2)) | BK31: =IF(BI31="","",BI31+($G31*365)) | BM31: =IF(BN31="","",_xlfn.DAYS(BN31,$Q$2)) | BN31: =IF(BL31="","",BL31+($G31*365)) | BP31: =IF(BQ31="","",_xlfn.DAYS(BQ31,$Q$2)) | BQ31: =IF(BO31="","",BO31+($G31*365)) | BS31: =IF(BT31="","",_xlfn.DAYS(BT31,$Q$2)) | BT31: =IF(BR31="","",BR31+($G31*365)) | BV31: =IF(BW31="","",_xlfn.DAYS(BW31,$Q$2)) | BW31: =IF(BU31="","",BU31+($G31*365)) | BY31: =IF(BZ31="","",_xlfn.DAYS(BZ31,$Q$2)) | BZ31: =IF(BX31="","",BX31+($G31*365)) | CB31: =IF(CC31="","",_xlfn.DAYS(CC31,$Q$2)) | CC31: =IF(CA31="","",CA31+($G31*365)) | CE31: =IF(CF31="","",_xlfn.DAYS(CF31,$Q$2)) | CF31: =IF(CD31="","",CD31+($G31*365)) | CH31: =IF(CI31="","",_xlfn.DAYS(CI31,$Q$2)) | CI31: =IF(CG31="","",CG31+($G31*365)) | CK31: =IF(CL31="","",_xlfn.DAYS(CL31,$Q$2)) | CL31: =IF(CJ31="","",CJ31+($G31*365)) | CN31: =IF(CO31="","",_xlfn.DAYS(CO31,$Q$2)) | CO31: =IF(CM31="","",CM31+($G31*365)) | CQ31: =IF(CR31="","",_xlfn.DAYS(CR31,$Q$2)) | CR31: =IF(CP31="","",CP31+($G31*365)) | CT31: =IF(CU31="","",_xlfn.DAYS(CU31,$Q$2)) | CU31: =IF(CS31="","",CS31+($G31*365)) | CW31: =IF(CX31="","",_xlfn.DAYS(CX31,$Q$2)) | CX31: =IF(CV31="","",CV31+($G31*365)) | CZ31: =IF(DA31="","",_xlfn.DAYS(DA31,$Q$2)) | DA31: =IF(CY31="","",CY31+($G31*365)) | DC31: =IF(DD31="","",_xlfn.DAYS(DD31,$Q$2)) | DD31: =IF(DB31="","",DB31+($G31*365)) | DF31: =IF(DG31="","",_xlfn.DAYS(DG31,$Q$2)) | DG31: =IF(DE31="","",DE31+($G31*365)) | DI31: =IF(DJ31="","",_xlfn.DAYS(DJ31,$Q$2)) | DJ31: =IF(DH31="","",DH31+($G31*365)) | DL31: =IF(DM31="","",_xlfn.DAYS(DM31,$Q$2)) | DM31: =IF(DK31="","",DK31+($G31*365)) | DO31: =IF(DP31="","",_xlfn.DAYS(DP31,$Q$2)) | DP31: =IF(DN31="","",DN31+($G31*365)) | DR31: =IF(DS31="","",_xlfn.DAYS(DS31,$Q$2)) | DS31: =IF(DQ31="","",DQ31+($G31*365)) | DU31: =IF(DV31="","",_xlfn.DAYS(DV31,$Q$2)) | DV31: =IF(DT31="","",DT31+($G31*365)) | DX31: =IF(DY31="","",_xlfn.DAYS(DY31,$Q$2)) | DY31: =IF(DW31="","",DW31+($G31*365)) | EA31: =IF(EB31="","",_xlfn.DAYS(EB31,$Q$2)) | EB31: =IF(DZ31="","",DZ31+($G31*365)) | ED31: =IF(EE31="","",_xlfn.DAYS(EE31,$Q$2)) | EE31: =IF(EC31="","",EC31+($G31*365)) | EG31: =IF(EH31="","",_xlfn.DAYS(EH31,$Q$2)) | EH31: =IF(EF31="","",EF31+($G31*365)) | EJ31: =IF(EK31="","",_xlfn.DAYS(EK31,$Q$2)) | EK31: =IF(EI31="","",EI31+($G31*365)) | EM31: =IF(EN31="","",_xlfn.DAYS(EN31,$Q$2)) | EN31: =IF(EL31="","",EL31+($G31*365)) | EP31: =IF(EQ31="","",_xlfn.DAYS(EQ31,$Q$2)) | EQ31: =IF(EO31="","",EO31+($G31*365)) | ES31: =IF(ET31="","",_xlfn.DAYS(ET31,$Q$2)) | ET31: =IF(ER31="","",ER31+($G31*365)) | EV31: =IF(EW31="","",_xlfn.DAYS(EW31,$Q$2)) | EW31: =IF(EU31="","",EU31+($G31*365)) | EY31: =IF(EZ31="","",_xlfn.DAYS(EZ31,$Q$2)) | EZ31: =IF(EX31="","",EX31+($G31*365)) | FB31: =IF(FC31="","",_xlfn.DAYS(FC31,$Q$2)) | FC31: =IF(FA31="","",FA31+($G31*365)) | FE31: =IF(FF31="","",_xlfn.DAYS(FF31,$Q$2)) | FF31: =IF(FD31="","",FD31+($G31*365)) | FH31: =IF(FI31="","",_xlfn.DAYS(FI31,$Q$2)) | FI31: =IF(FG31="","",FG31+($G31*365)) | FK31: =IF(FL31="","",_xlfn.DAYS(FL31,$Q$2)) | FL31: =IF(FJ31="","",FJ31+($G31*365)) | FN31: =IF(FO31="","",_xlfn.DAYS(FO31,$Q$2)) | FO31: =IF(FM31="","",FM31+($G31*365)) | FQ31: =IF(FR31="","",_xlfn.DAYS(FR31,$Q$2)) | FR31: =IF(FP31 = "", "",FP31+($G31*365)) | FT31: =IF(FU31="","",_xlfn.DAYS(FU31,$Q$2)) | FU31: =IF(FS31="","",FS31+($G31*365))
A32: =IF(E32="","",E32*$GA$7) -> 1 | B32: N/A | C32: 0 | D32: =IF(A32="","",A32*C32) -> 0 | E32: 1 | G32: 1 | H32: Assured Compliance Assessment Solution (ACAS) Security Center | I32: =IF(COUNTIFS($Q32:$BD32,">270")=0,"",COUNTIFS($Q32:$BD32,">270")) | J32: =IF(COUNTIFS($Q32:$BD32,"<=270")>0,IF(COUNTIFS($Q32:$BD32,"<=270")-COUNTIFS($Q32:$BD32,"<=180")=0,"",COUNTIFS($Q32:$BD32,"<=270")-COUNTIFS($Q32:$BD32,"<=180")),"") | K32: =IF(COUNTIFS($Q32:$BD32,"<=180")>0,IF(COUNTIFS($Q32:$BD32,"<=180")-COUNTIFS($Q32:$BD32,"<=120")=0,"",COUNTIFS($Q32:$BD32,"<=180")-COUNTIFS($Q32:$BD32,"<=120")),"") -> 1 | L32: =IF(COUNTIFS($Q32:$BD32,"<=120")>0,IF(COUNTIFS($Q32:$BD32,"<=120")-COUNTIFS($Q32:$BD32,"<=90")=0,"",COUNTIFS($Q32:$BD32,"<=120")-COUNTIFS($Q32:$BD32,"<=90")),"") | M32: =IF(COUNTIFS($Q32:$BD32,"<=90")>0,IF(COUNTIFS($Q32:$BD32,"<=90")-COUNTIFS($Q32:$BD32,"<=60")=0,"",COUNTIFS($Q32:$BD32,"<=90")-COUNTIFS($Q32:$BD32,"<=60")),"") | N32: =IF(COUNTIFS($Q32:$BD32,"<=60")>0,IF(COUNTIFS($Q32:$BD32,"<=60")-COUNTIFS($Q32:$BD32,"<=30")=0,"",COUNTIFS($Q32:$BD32,"<=60")-COUNTIFS($Q32:$BD32,"<=30")),"") | O32: =IF(COUNTIFS($Q32:$BD32,"<=30")>0,IF(COUNTIFS($Q32:$BD32,"<=30")-COUNTIFS($Q32:$BD32,"<=0")=0,"",COUNTIFS($Q32:$BD32,"<=30")-COUNTIFS($Q32:$BD32,"<=0")),"") | P32: =IF(COUNTIFS($Q32:$BD32,"<=0")=0,"",COUNTIFS($Q32:$BD32,"<=0")) | Q32: =IF($S$2>0,IF(BG32="","",BG32),"") -> 146 | R32: =IF($S$2>1,IF(BJ32="","",BJ32),"") | S32: =IF($S$2>2,IF(BM32="","",BM32),"") | T32: =IF($S$2>3,IF(BP32="","",BP32),"") | U32: =IF($S$2>4,IF(BS32="","",BS32),"") | V32: =IF($S$2>5,IF(BV32="","",BV32),"") | W32: =IF($S$2>6,IF(BY32="","",BY32),"") | X32: =IF($S$2>7,IF(CB32="","",CB32),"") | Y32: =IF($S$2>8,IF(CE32="","",CE32),"") | Z32: =IF($S$2>9,IF(CH32="","",CH32),"") | AA32: =IF($S$2>10,IF(CK32="","",CK32),"") | AB32: =IF($S$2>11,IF(CN32="","",CN32),"") | AC32: =IF($S$2>12,IF(CQ32="","",CQ32),"") | AD32: =IF($S$2>13,IF(CT32="","",CT32),"") | AE32: =IF($S$2>14,IF(CW32="","",CW32),"") | AF32: =IF($S$2>15,IF(CZ32="","",CZ32),"") | AG32: =IF($S$2>16,IF(DC32="","",DC32),"") | AH32: =IF($S$2>17,IF(DF32="","",DF32),"") | AI32: =IF($S$2>18,IF(DI32 = "","",DI32),"") | AJ32: =IF($S$2>19,IF(DL32="","",DL32),"") | AK32: =IF($S$2>20,IF(DO32="","",DO32),"") | AL32: =IF($S$2>21,IF(DR32="","",DR32),"") | AM32: =IF($S$2>22,IF(DU32="","",DU32),"") | AN32: =IF($S$2>23,IF(DX32="","",DX32),"") | AO32: =IF($S$2>24,IF(EA32="","",EA32),"") | AP32: =IF($S$2>25,IF(ED32="","",ED32),"") | AQ32: =IF($S$2>26,IF(EG32="","",EG32),"") | AR32: =IF($S$2>27,IF(EJ32="","",EJ32),"") | AS32: =IF($S$2>28,IF(EM32="","",EM32),"") | AT32: =IF($S$2>29,IF(EP32 = "", "", EP32),"") | AU32: =IF($S$2>30,IF(ES32="","",ES32),"") | AV32: =IF($S$2>31,IF(EV32="","",EV32),"") | AW32: =IF($S$2>32,IF(EY32="","",EY32),"") | AX32: =IF($S$2>33,IF(FB32="","",FB32),"") | AY32: =IF($S$2>34,IF(FE32="","",FE32),"") | AZ32: =IF($S$2>35,IF(FH32="","",FH32),"") | BA32: =IF($S$2>36,IF(FK32="","",FK32),"") | BB32: =IF($S$2>37,IF(FN32="","",FN32),"") | BC32: =IF($S$2>38,IF(FQ32="","",FQ32),"") | BD32: =IF($S$2>39,IF(FT32="","",FT32),"") | BE32: =IF($S$2>40,IF(FW32="","",FW32),"") | BF32: 45712 | BG32: =IF(BH32="","",_xlfn.DAYS(BH32,$Q$2)) -> 146 | BH32: =IF(BF32="","",BF32+($G32*365)) -> 46077 | BJ32: =IF(BK32="","",_xlfn.DAYS(BK32,$Q$2)) | BK32: =IF(BI32="","",BI32+($G32*365)) | BM32: =IF(BN32="","",_xlfn.DAYS(BN32,$Q$2)) | BN32: =IF(BL32="","",BL32+($G32*365)) | BP32: =IF(BQ32="","",_xlfn.DAYS(BQ32,$Q$2)) | BQ32: =IF(BO32="","",BO32+($G32*365)) | BS32: =IF(BT32="","",_xlfn.DAYS(BT32,$Q$2)) | BT32: =IF(BR32="","",BR32+($G32*365)) | BV32: =IF(BW32="","",_xlfn.DAYS(BW32,$Q$2)) | BW32: =IF(BU32="","",BU32+($G32*365)) | BY32: =IF(BZ32="","",_xlfn.DAYS(BZ32,$Q$2)) | BZ32: =IF(BX32="","",BX32+($G32*365)) | CB32: =IF(CC32="","",_xlfn.DAYS(CC32,$Q$2)) | CC32: =IF(CA32="","",CA32+($G32*365)) | CE32: =IF(CF32="","",_xlfn.DAYS(CF32,$Q$2)) | CF32: =IF(CD32="","",CD32+($G32*365)) | CH32: =IF(CI32="","",_xlfn.DAYS(CI32,$Q$2)) | CI32: =IF(CG32="","",CG32+($G32*365)) | CK32: =IF(CL32="","",_xlfn.DAYS(CL32,$Q$2)) | CL32: =IF(CJ32="","",CJ32+($G32*365)) | CN32: =IF(CO32="","",_xlfn.DAYS(CO32,$Q$2)) | CO32: =IF(CM32="","",CM32+($G32*365)) | CQ32: =IF(CR32="","",_xlfn.DAYS(CR32,$Q$2)) | CR32: =IF(CP32="","",CP32+($G32*365)) | CT32: =IF(CU32="","",_xlfn.DAYS(CU32,$Q$2)) | CU32: =IF(CS32="","",CS32+($G32*365)) | CW32: =IF(CX32="","",_xlfn.DAYS(CX32,$Q$2)) | CX32: =IF(CV32="","",CV32+($G32*365)) | CZ32: =IF(DA32="","",_xlfn.DAYS(DA32,$Q$2)) | DA32: =IF(CY32="","",CY32+($G32*365)) | DC32: =IF(DD32="","",_xlfn.DAYS(DD32,$Q$2)) | DD32: =IF(DB32="","",DB32+($G32*365)) | DF32: =IF(DG32="","",_xlfn.DAYS(DG32,$Q$2)) | DG32: =IF(DE32="","",DE32+($G32*365)) | DI32: =IF(DJ32="","",_xlfn.DAYS(DJ32,$Q$2)) | DJ32: =IF(DH32="","",DH32+($G32*365)) | DL32: =IF(DM32="","",_xlfn.DAYS(DM32,$Q$2)) | DM32: =IF(DK32="","",DK32+($G32*365)) | DO32: =IF(DP32="","",_xlfn.DAYS(DP32,$Q$2)) | DP32: =IF(DN32="","",DN32+($G32*365)) | DR32: =IF(DS32="","",_xlfn.DAYS(DS32,$Q$2)) | DS32: =IF(DQ32="","",DQ32+($G32*365)) | DU32: =IF(DV32="","",_xlfn.DAYS(DV32,$Q$2)) | DV32: =IF(DT32="","",DT32+($G32*365)) | DX32: =IF(DY32="","",_xlfn.DAYS(DY32,$Q$2)) | DY32: =IF(DW32="","",DW32+($G32*365)) | EA32: =IF(EB32="","",_xlfn.DAYS(EB32,$Q$2)) | EB32: =IF(DZ32="","",DZ32+($G32*365)) | ED32: =IF(EE32="","",_xlfn.DAYS(EE32,$Q$2)) | EE32: =IF(EC32="","",EC32+($G32*365)) | EG32: =IF(EH32="","",_xlfn.DAYS(EH32,$Q$2)) | EH32: =IF(EF32="","",EF32+($G32*365)) | EJ32: =IF(EK32="","",_xlfn.DAYS(EK32,$Q$2)) | EK32: =IF(EI32="","",EI32+($G32*365)) | EM32: =IF(EN32="","",_xlfn.DAYS(EN32,$Q$2)) | EN32: =IF(EL32="","",EL32+($G32*365)) | EP32: =IF(EQ32="","",_xlfn.DAYS(EQ32,$Q$2)) | EQ32: =IF(EO32="","",EO32+($G32*365)) | ES32: =IF(ET32="","",_xlfn.DAYS(ET32,$Q$2)) | ET32: =IF(ER32="","",ER32+($G32*365)) | EV32: =IF(EW32="","",_xlfn.DAYS(EW32,$Q$2)) | EW32: =IF(EU32="","",EU32+($G32*365)) | EY32: =IF(EZ32="","",_xlfn.DAYS(EZ32,$Q$2)) | EZ32: =IF(EX32="","",EX32+($G32*365)) | FB32: =IF(FC32="","",_xlfn.DAYS(FC32,$Q$2)) | FC32: =IF(FA32="","",FA32+($G32*365)) | FE32: =IF(FF32="","",_xlfn.DAYS(FF32,$Q$2)) | FF32: =IF(FD32="","",FD32+($G32*365)) | FH32: =IF(FI32="","",_xlfn.DAYS(FI32,$Q$2)) | FI32: =IF(FG32="","",FG32+($G32*365)) | FK32: =IF(FL32="","",_xlfn.DAYS(FL32,$Q$2)) | FL32: =IF(FJ32="","",FJ32+($G32*365)) | FN32: =IF(FO32="","",_xlfn.DAYS(FO32,$Q$2)) | FO32: =IF(FM32="","",FM32+($G32*365)) | FQ32: =IF(FR32="","",_xlfn.DAYS(FR32,$Q$2)) | FR32: =IF(FP32 = "", "",FP32+($G32*365)) | FT32: =IF(FU32="","",_xlfn.DAYS(FU32,$Q$2)) | FU32: =IF(FS32="","",FS32+($G32*365))
A33: =IF(E33="","",E33*$GA$7) -> 1 | B33: P013573-001 | C33: 9975 | D33: =IF(A33="","",A33*C33) -> 9975 | E33: 1 | G33: N/A | H33: Software - Bandwidth Expansion, Taclane-Flex Encryptor | I33: =IF(COUNTIFS($Q33:$BD33,">270")=0,"",COUNTIFS($Q33:$BD33,">270")) | J33: =IF(COUNTIFS($Q33:$BD33,"<=270")>0,IF(COUNTIFS($Q33:$BD33,"<=270")-COUNTIFS($Q33:$BD33,"<=180")=0,"",COUNTIFS($Q33:$BD33,"<=270")-COUNTIFS($Q33:$BD33,"<=180")),"") | K33: =IF(COUNTIFS($Q33:$BD33,"<=180")>0,IF(COUNTIFS($Q33:$BD33,"<=180")-COUNTIFS($Q33:$BD33,"<=120")=0,"",COUNTIFS($Q33:$BD33,"<=180")-COUNTIFS($Q33:$BD33,"<=120")),"") | L33: =IF(COUNTIFS($Q33:$BD33,"<=120")>0,IF(COUNTIFS($Q33:$BD33,"<=120")-COUNTIFS($Q33:$BD33,"<=90")=0,"",COUNTIFS($Q33:$BD33,"<=120")-COUNTIFS($Q33:$BD33,"<=90")),"") | M33: =IF(COUNTIFS($Q33:$BD33,"<=90")>0,IF(COUNTIFS($Q33:$BD33,"<=90")-COUNTIFS($Q33:$BD33,"<=60")=0,"",COUNTIFS($Q33:$BD33,"<=90")-COUNTIFS($Q33:$BD33,"<=60")),"") | N33: =IF(COUNTIFS($Q33:$BD33,"<=60")>0,IF(COUNTIFS($Q33:$BD33,"<=60")-COUNTIFS($Q33:$BD33,"<=30")=0,"",COUNTIFS($Q33:$BD33,"<=60")-COUNTIFS($Q33:$BD33,"<=30")),"") | O33: =IF(COUNTIFS($Q33:$BD33,"<=30")>0,IF(COUNTIFS($Q33:$BD33,"<=30")-COUNTIFS($Q33:$BD33,"<=0")=0,"",COUNTIFS($Q33:$BD33,"<=30")-COUNTIFS($Q33:$BD33,"<=0")),"") | P33: =IF(COUNTIFS($Q33:$BD33,"<=0")=0,"",COUNTIFS($Q33:$BD33,"<=0")) | Q33: =IF($S$2>0,IF(BG33="","",BG33),"") | R33: =IF($S$2>1,IF(BJ33="","",BJ33),"") | S33: =IF($S$2>2,IF(BM33="","",BM33),"") | T33: =IF($S$2>3,IF(BP33="","",BP33),"") | U33: =IF($S$2>4,IF(BS33="","",BS33),"") | V33: =IF($S$2>5,IF(BV33="","",BV33),"") | W33: =IF($S$2>6,IF(BY33="","",BY33),"") | X33: =IF($S$2>7,IF(CB33="","",CB33),"") | Y33: =IF($S$2>8,IF(CE33="","",CE33),"") | Z33: =IF($S$2>9,IF(CH33="","",CH33),"") | AA33: =IF($S$2>10,IF(CK33="","",CK33),"") | AB33: =IF($S$2>11,IF(CN33="","",CN33),"") | AC33: =IF($S$2>12,IF(CQ33="","",CQ33),"") | AD33: =IF($S$2>13,IF(CT33="","",CT33),"") | AE33: =IF($S$2>14,IF(CW33="","",CW33),"") | AF33: =IF($S$2>15,IF(CZ33="","",CZ33),"") | AG33: =IF($S$2>16,IF(DC33="","",DC33),"") | AH33: =IF($S$2>17,IF(DF33="","",DF33),"") | AI33: =IF($S$2>18,IF(DI33 = "","",DI33),"") | AJ33: =IF($S$2>19,IF(DL33="","",DL33),"") | AK33: =IF($S$2>20,IF(DO33="","",DO33),"") | AL33: =IF($S$2>21,IF(DR33="","",DR33),"") | AM33: =IF($S$2>22,IF(DU33="","",DU33),"") | AN33: =IF($S$2>23,IF(DX33="","",DX33),"") | AO33: =IF($S$2>24,IF(EA33="","",EA33),"") | AP33: =IF($S$2>25,IF(ED33="","",ED33),"") | AQ33: =IF($S$2>26,IF(EG33="","",EG33),"") | AR33: =IF($S$2>27,IF(EJ33="","",EJ33),"") | AS33: =IF($S$2>28,IF(EM33="","",EM33),"") | AT33: =IF($S$2>29,IF(EP33 = "", "", EP33),"") | AU33: =IF($S$2>30,IF(ES33="","",ES33),"") | AV33: =IF($S$2>31,IF(EV33="","",EV33),"") | AW33: =IF($S$2>32,IF(EY33="","",EY33),"") | AX33: =IF($S$2>33,IF(FB33="","",FB33),"") | AY33: =IF($S$2>34,IF(FE33="","",FE33),"") | AZ33: =IF($S$2>35,IF(FH33="","",FH33),"") | BA33: =IF($S$2>36,IF(FK33="","",FK33),"") | BB33: =IF($S$2>37,IF(FN33="","",FN33),"") | BC33: =IF($S$2>38,IF(FQ33="","",FQ33),"") | BD33: =IF($S$2>39,IF(FT33="","",FT33),"") | BE33: =IF($S$2>40,IF(FW33="","",FW33),"") | BG33: =IF(BH33="","",_xlfn.DAYS(BH33,$Q$2)) | BH33: =IF(BF33="","",BF33+($G33*365)) | BJ33: =IF(BK33="","",_xlfn.DAYS(BK33,$Q$2)) | BK33: =IF(BI33="","",BI33+($G33*365)) | BM33: =IF(BN33="","",_xlfn.DAYS(BN33,$Q$2)) | BN33: =IF(BL33="","",BL33+($G33*365)) | BP33: =IF(BQ33="","",_xlfn.DAYS(BQ33,$Q$2)) | BQ33: =IF(BO33="","",BO33+($G33*365)) | BS33: =IF(BT33="","",_xlfn.DAYS(BT33,$Q$2)) | BT33: =IF(BR33="","",BR33+($G33*365)) | BV33: =IF(BW33="","",_xlfn.DAYS(BW33,$Q$2)) | BW33: =IF(BU33="","",BU33+($G33*365)) | BY33: =IF(BZ33="","",_xlfn.DAYS(BZ33,$Q$2)) | BZ33: =IF(BX33="","",BX33+($G33*365)) | CB33: =IF(CC33="","",_xlfn.DAYS(CC33,$Q$2)) | CC33: =IF(CA33="","",CA33+($G33*365)) | CE33: =IF(CF33="","",_xlfn.DAYS(CF33,$Q$2)) | CF33: =IF(CD33="","",CD33+($G33*365)) | CH33: =IF(CI33="","",_xlfn.DAYS(CI33,$Q$2)) | CI33: =IF(CG33="","",CG33+($G33*365)) | CK33: =IF(CL33="","",_xlfn.DAYS(CL33,$Q$2)) | CL33: =IF(CJ33="","",CJ33+($G33*365)) | CN33: =IF(CO33="","",_xlfn.DAYS(CO33,$Q$2)) | CO33: =IF(CM33="","",CM33+($G33*365)) | CQ33: =IF(CR33="","",_xlfn.DAYS(CR33,$Q$2)) | CR33: =IF(CP33="","",CP33+($G33*365)) | CT33: =IF(CU33="","",_xlfn.DAYS(CU33,$Q$2)) | CU33: =IF(CS33="","",CS33+($G33*365)) | CW33: =IF(CX33="","",_xlfn.DAYS(CX33,$Q$2)) | CX33: =IF(CV33="","",CV33+($G33*365)) | CZ33: =IF(DA33="","",_xlfn.DAYS(DA33,$Q$2)) | DA33: =IF(CY33="","",CY33+($G33*365)) | DC33: =IF(DD33="","",_xlfn.DAYS(DD33,$Q$2)) | DD33: =IF(DB33="","",DB33+($G33*365)) | DF33: =IF(DG33="","",_xlfn.DAYS(DG33,$Q$2)) | DG33: =IF(DE33="","",DE33+($G33*365)) | DI33: =IF(DJ33="","",_xlfn.DAYS(DJ33,$Q$2)) | DJ33: =IF(DH33="","",DH33+($G33*365)) | DL33: =IF(DM33="","",_xlfn.DAYS(DM33,$Q$2)) | DM33: =IF(DK33="","",DK33+($G33*365)) | DO33: =IF(DP33="","",_xlfn.DAYS(DP33,$Q$2)) | DP33: =IF(DN33="","",DN33+($G33*365)) | DR33: =IF(DS33="","",_xlfn.DAYS(DS33,$Q$2)) | DS33: =IF(DQ33="","",DQ33+($G33*365)) | DU33: =IF(DV33="","",_xlfn.DAYS(DV33,$Q$2)) | DV33: =IF(DT33="","",DT33+($G33*365)) | DX33: =IF(DY33="","",_xlfn.DAYS(DY33,$Q$2)) | DY33: =IF(DW33="","",DW33+($G33*365)) | EA33: =IF(EB33="","",_xlfn.DAYS(EB33,$Q$2)) | EB33: =IF(DZ33="","",DZ33+($G33*365)) | ED33: =IF(EE33="","",_xlfn.DAYS(EE33,$Q$2)) | EE33: =IF(EC33="","",EC33+($G33*365)) | EG33: =IF(EH33="","",_xlfn.DAYS(EH33,$Q$2)) | EH33: =IF(EF33="","",EF33+($G33*365)) | EJ33: =IF(EK33="","",_xlfn.DAYS(EK33,$Q$2)) | EK33: =IF(EI33="","",EI33+($G33*365)) | EM33: =IF(EN33="","",_xlfn.DAYS(EN33,$Q$2)) | EN33: =IF(EL33="","",EL33+($G33*365)) | EP33: =IF(EQ33="","",_xlfn.DAYS(EQ33,$Q$2)) | EQ33: =IF(EO33="","",EO33+($G33*365)) | ES33: =IF(ET33="","",_xlfn.DAYS(ET33,$Q$2)) | ET33: =IF(ER33="","",ER33+($G33*365)) | EV33: =IF(EW33="","",_xlfn.DAYS(EW33,$Q$2)) | EW33: =IF(EU33="","",EU33+($G33*365)) | EY33: =IF(EZ33="","",_xlfn.DAYS(EZ33,$Q$2)) | EZ33: =IF(EX33="","",EX33+($G33*365)) | FB33: =IF(FC33="","",_xlfn.DAYS(FC33,$Q$2)) | FC33: =IF(FA33="","",FA33+($G33*365)) | FE33: =IF(FF33="","",_xlfn.DAYS(FF33,$Q$2)) | FF33: =IF(FD33="","",FD33+($G33*365)) | FH33: =IF(FI33="","",_xlfn.DAYS(FI33,$Q$2)) | FI33: =IF(FG33="","",FG33+($G33*365)) | FK33: =IF(FL33="","",_xlfn.DAYS(FL33,$Q$2)) | FL33: =IF(FJ33="","",FJ33+($G33*365)) | FN33: =IF(FO33="","",_xlfn.DAYS(FO33,$Q$2)) | FO33: =IF(FM33="","",FM33+($G33*365)) | FQ33: =IF(FR33="","",_xlfn.DAYS(FR33,$Q$2)) | FR33: =IF(FP33 = "", "",FP33+($G33*365)) | FT33: =IF(FU33="","",_xlfn.DAYS(FU33,$Q$2)) | FU33: =IF(FS33="","",FS33+($G33*365))
A34: =IF(E34="","",E34*$GA$7) | D34: =IF(A34="","",A34*C34) | H34: Horizon 8 | I34: =IF(COUNTIFS($Q34:$BD34,">270")=0,"",COUNTIFS($Q34:$BD34,">270")) | J34: =IF(COUNTIFS($Q34:$BD34,"<=270")>0,IF(COUNTIFS($Q34:$BD34,"<=270")-COUNTIFS($Q34:$BD34,"<=180")=0,"",COUNTIFS($Q34:$BD34,"<=270")-COUNTIFS($Q34:$BD34,"<=180")),"") | K34: =IF(COUNTIFS($Q34:$BD34,"<=180")>0,IF(COUNTIFS($Q34:$BD34,"<=180")-COUNTIFS($Q34:$BD34,"<=120")=0,"",COUNTIFS($Q34:$BD34,"<=180")-COUNTIFS($Q34:$BD34,"<=120")),"") | L34: =IF(COUNTIFS($Q34:$BD34,"<=120")>0,IF(COUNTIFS($Q34:$BD34,"<=120")-COUNTIFS($Q34:$BD34,"<=90")=0,"",COUNTIFS($Q34:$BD34,"<=120")-COUNTIFS($Q34:$BD34,"<=90")),"") | M34: =IF(COUNTIFS($Q34:$BD34,"<=90")>0,IF(COUNTIFS($Q34:$BD34,"<=90")-COUNTIFS($Q34:$BD34,"<=60")=0,"",COUNTIFS($Q34:$BD34,"<=90")-COUNTIFS($Q34:$BD34,"<=60")),"") | N34: =IF(COUNTIFS($Q34:$BD34,"<=60")>0,IF(COUNTIFS($Q34:$BD34,"<=60")-COUNTIFS($Q34:$BD34,"<=30")=0,"",COUNTIFS($Q34:$BD34,"<=60")-COUNTIFS($Q34:$BD34,"<=30")),"") | O34: =IF(COUNTIFS($Q34:$BD34,"<=30")>0,IF(COUNTIFS($Q34:$BD34,"<=30")-COUNTIFS($Q34:$BD34,"<=0")=0,"",COUNTIFS($Q34:$BD34,"<=30")-COUNTIFS($Q34:$BD34,"<=0")),"") | P34: =IF(COUNTIFS($Q34:$BD34,"<=0")=0,"",COUNTIFS($Q34:$BD34,"<=0")) | Q34: =IF($S$2>0,IF(BG34="","",BG34),"") | R34: =IF($S$2>1,IF(BJ34="","",BJ34),"") | S34: =IF($S$2>2,IF(BM34="","",BM34),"") | T34: =IF($S$2>3,IF(BP34="","",BP34),"") | U34: =IF($S$2>4,IF(BS34="","",BS34),"") | V34: =IF($S$2>5,IF(BV34="","",BV34),"") | W34: =IF($S$2>6,IF(BY34="","",BY34),"") | X34: =IF($S$2>7,IF(CB34="","",CB34),"") | Y34: =IF($S$2>8,IF(CE34="","",CE34),"") | Z34: =IF($S$2>9,IF(CH34="","",CH34),"") | AA34: =IF($S$2>10,IF(CK34="","",CK34),"") | AB34: =IF($S$2>11,IF(CN34="","",CN34),"") | AC34: =IF($S$2>12,IF(CQ34="","",CQ34),"") | AD34: =IF($S$2>13,IF(CT34="","",CT34),"") | AE34: =IF($S$2>14,IF(CW34="","",CW34),"") | AF34: =IF($S$2>15,IF(CZ34="","",CZ34),"") | AG34: =IF($S$2>16,IF(DC34="","",DC34),"") | AH34: =IF($S$2>17,IF(DF34="","",DF34),"") | AI34: =IF($S$2>18,IF(DI34 = "","",DI34),"") | AJ34: =IF($S$2>19,IF(DL34="","",DL34),"") | AK34: =IF($S$2>20,IF(DO34="","",DO34),"") | AL34: =IF($S$2>21,IF(DR34="","",DR34),"") | AM34: =IF($S$2>22,IF(DU34="","",DU34),"") | AN34: =IF($S$2>23,IF(DX34="","",DX34),"") | AO34: =IF($S$2>24,IF(EA34="","",EA34),"") | AP34: =IF($S$2>25,IF(ED34="","",ED34),"") | AQ34: =IF($S$2>26,IF(EG34="","",EG34),"") | AR34: =IF($S$2>27,IF(EJ34="","",EJ34),"") | AS34: =IF($S$2>28,IF(EM34="","",EM34),"") | AT34: =IF($S$2>29,IF(EP34 = "", "", EP34),"") | AU34: =IF($S$2>30,IF(ES34="","",ES34),"") | AV34: =IF($S$2>31,IF(EV34="","",EV34),"") | AW34: =IF($S$2>32,IF(EY34="","",EY34),"") | AX34: =IF($S$2>33,IF(FB34="","",FB34),"") | AY34: =IF($S$2>34,IF(FE34="","",FE34),"") | AZ34: =IF($S$2>35,IF(FH34="","",FH34),"") | BA34: =IF($S$2>36,IF(FK34="","",FK34),"") | BB34: =IF($S$2>37,IF(FN34="","",FN34),"") | BC34: =IF($S$2>38,IF(FQ34="","",FQ34),"") | BD34: =IF($S$2>39,IF(FT34="","",FT34),"") | BE34: =IF($S$2>40,IF(FW34="","",FW34),"") | BG34: =IF(BH34="","",_xlfn.DAYS(BH34,$Q$2)) | BH34: =IF(BF34="","",BF34+($G34*365)) | BJ34: =IF(BK34="","",_xlfn.DAYS(BK34,$Q$2)) | BK34: =IF(BI34="","",BI34+($G34*365)) | BM34: =IF(BN34="","",_xlfn.DAYS(BN34,$Q$2)) | BN34: =IF(BL34="","",BL34+($G34*365)) | BP34: =IF(BQ34="","",_xlfn.DAYS(BQ34,$Q$2)) | BQ34: =IF(BO34="","",BO34+($G34*365)) | BS34: =IF(BT34="","",_xlfn.DAYS(BT34,$Q$2)) | BT34: =IF(BR34="","",BR34+($G34*365)) | BV34: =IF(BW34="","",_xlfn.DAYS(BW34,$Q$2)) | BW34: =IF(BU34="","",BU34+($G34*365)) | BY34: =IF(BZ34="","",_xlfn.DAYS(BZ34,$Q$2)) | BZ34: =IF(BX34="","",BX34+($G34*365)) | CB34: =IF(CC34="","",_xlfn.DAYS(CC34,$Q$2)) | CC34: =IF(CA34="","",CA34+($G34*365)) | CE34: =IF(CF34="","",_xlfn.DAYS(CF34,$Q$2)) | CF34: =IF(CD34="","",CD34+($G34*365)) | CH34: =IF(CI34="","",_xlfn.DAYS(CI34,$Q$2)) | CI34: =IF(CG34="","",CG34+($G34*365)) | CK34: =IF(CL34="","",_xlfn.DAYS(CL34,$Q$2)) | CL34: =IF(CJ34="","",CJ34+($G34*365)) | CN34: =IF(CO34="","",_xlfn.DAYS(CO34,$Q$2)) | CO34: =IF(CM34="","",CM34+($G34*365)) | CQ34: =IF(CR34="","",_xlfn.DAYS(CR34,$Q$2)) | CR34: =IF(CP34="","",CP34+($G34*365)) | CT34: =IF(CU34="","",_xlfn.DAYS(CU34,$Q$2)) | CU34: =IF(CS34="","",CS34+($G34*365)) | CW34: =IF(CX34="","",_xlfn.DAYS(CX34,$Q$2)) | CX34: =IF(CV34="","",CV34+($G34*365)) | CZ34: =IF(DA34="","",_xlfn.DAYS(DA34,$Q$2)) | DA34: =IF(CY34="","",CY34+($G34*365)) | DC34: =IF(DD34="","",_xlfn.DAYS(DD34,$Q$2)) | DD34: =IF(DB34="","",DB34+($G34*365)) | DF34: =IF(DG34="","",_xlfn.DAYS(DG34,$Q$2)) | DG34: =IF(DE34="","",DE34+($G34*365)) | DI34: =IF(DJ34="","",_xlfn.DAYS(DJ34,$Q$2)) | DJ34: =IF(DH34="","",DH34+($G34*365)) | DL34: =IF(DM34="","",_xlfn.DAYS(DM34,$Q$2)) | DM34: =IF(DK34="","",DK34+($G34*365)) | DO34: =IF(DP34="","",_xlfn.DAYS(DP34,$Q$2)) | DP34: =IF(DN34="","",DN34+($G34*365)) | DR34: =IF(DS34="","",_xlfn.DAYS(DS34,$Q$2)) | DS34: =IF(DQ34="","",DQ34+($G34*365)) | DU34: =IF(DV34="","",_xlfn.DAYS(DV34,$Q$2)) | DV34: =IF(DT34="","",DT34+($G34*365)) | DX34: =IF(DY34="","",_xlfn.DAYS(DY34,$Q$2)) | DY34: =IF(DW34="","",DW34+($G34*365)) | EA34: =IF(EB34="","",_xlfn.DAYS(EB34,$Q$2)) | EB34: =IF(DZ34="","",DZ34+($G34*365)) | ED34: =IF(EE34="","",_xlfn.DAYS(EE34,$Q$2)) | EE34: =IF(EC34="","",EC34+($G34*365)) | EG34: =IF(EH34="","",_xlfn.DAYS(EH34,$Q$2)) | EH34: =IF(EF34="","",EF34+($G34*365)) | EJ34: =IF(EK34="","",_xlfn.DAYS(EK34,$Q$2)) | EK34: =IF(EI34="","",EI34+($G34*365)) | EM34: =IF(EN34="","",_xlfn.DAYS(EN34,$Q$2)) | EN34: =IF(EL34="","",EL34+($G34*365)) | EP34: =IF(EQ34="","",_xlfn.DAYS(EQ34,$Q$2)) | EQ34: =IF(EO34="","",EO34+($G34*365)) | ES34: =IF(ET34="","",_xlfn.DAYS(ET34,$Q$2)) | ET34: =IF(ER34="","",ER34+($G34*365)) | EV34: =IF(EW34="","",_xlfn.DAYS(EW34,$Q$2)) | EW34: =IF(EU34="","",EU34+($G34*365)) | EY34: =IF(EZ34="","",_xlfn.DAYS(EZ34,$Q$2)) | EZ34: =IF(EX34="","",EX34+($G34*365)) | FB34: =IF(FC34="","",_xlfn.DAYS(FC34,$Q$2)) | FC34: =IF(FA34="","",FA34+($G34*365)) | FE34: =IF(FF34="","",_xlfn.DAYS(FF34,$Q$2)) | FF34: =IF(FD34="","",FD34+($G34*365)) | FH34: =IF(FI34="","",_xlfn.DAYS(FI34,$Q$2)) | FI34: =IF(FG34="","",FG34+($G34*365)) | FK34: =IF(FL34="","",_xlfn.DAYS(FL34,$Q$2)) | FL34: =IF(FJ34="","",FJ34+($G34*365)) | FN34: =IF(FO34="","",_xlfn.DAYS(FO34,$Q$2)) | FO34: =IF(FM34="","",FM34+($G34*365)) | FQ34: =IF(FR34="","",_xlfn.DAYS(FR34,$Q$2)) | FR34: =IF(FP34 = "", "",FP34+($G34*365)) | FT34: =IF(FU34="","",_xlfn.DAYS(FU34,$Q$2)) | FU34: =IF(FS34="","",FS34+($G34*365)) | FV34: RQ-0020536
